,BDEV.L,CRST.L,PSN.L,TW.L
10/1/2018,558.2000122,346.3999939,2318,168.3999939
11/1/2018,529.7999878,363.3999939,2363,166.25
15/1/2018,616.4000244,526.5,2619,197.6999969
16/1/2018,618.4000244,525,2621,198.1999969
17/1/2018,609.7999878,520,2610,196.6499939
18/1/2018,613,525,2621,196.6499939
19/1/2018,615.2000122,524.5,2634,197.9499969
22/1/2018,603.4000244,518.5,2630,194.9499969
23/1/2018,605.7999878,524,2650,197.8999939
24/1/2018,609.7999878,523.5,2640,197.8999939
25/1/2018,613,515,2602,196.8999939
26/1/2018,618.2000122,509,2631,199.3000031
29/1/2018,616.4000244,514.5,2619,198.5500031
30/1/2018,600.7999878,519,2571,195.1000061
31/1/2018,585.2000122,505.5,2502,190.6000061
1/2/2018,653.4000244,545.5,2751,208.1000061
2/2/2018,574.5999756,508,2504,189.1999969
3/2/2018,532.4000244,475,2584,186.0500031
5/2/2018,554.5999756,483.6000061,2711,190.6999969
7/2/2018,499.7000122,385.3999939,2487,175.1499939
8/2/2018,523.4000244,370.3999939,2413,169.75
10/2/2018,557.7999878,349.2000122,2309,165.6499939
11/2/2018,539,368,2387,168
13/2/2018,551,480,2418,185.0500031
14/2/2018,547.7999878,474,2410,185.6999969
15/2/2018,548.7999878,477.2000122,2425,186.75
16/2/2018,551.7999878,478,2423,187.8000031
19/2/2018,556,488.3999939,2425,187.9499969
20/2/2018,562.2000122,491.3999939,2465,191.0500031
21/2/2018,567.4000244,490.6000061,2484,191.3500061
22/2/2018,551.7999878,486,2456,190.0500031
23/2/2018,549.4000244,491,2472,190.3999939
26/2/2018,551.2000122,488,2488,192.1999969
27/2/2018,548,489.2000122,2604,193.75
28/2/2018,539,476.2000122,2601,186
1/3/2018,653,549,2753,209.1000061
4/3/2018,526.4000244,459,2534,184.8000031
5/3/2018,561.4000244,487.3999939,2732,192.8999939
7/3/2018,496.8999939,386.3999939,2496,174.8999939
8/3/2018,528.7999878,371.7999878,2437,170.8000031
9/3/2018,546.4000244,378.3999939,2438,169
10/3/2018,556.2000122,348.6000061,2332,168.1000061
12/3/2018,462,341.2000122,1893,133.6499939
13/3/2018,540,491,2549,185.3500061
14/3/2018,537.7999878,494,2550,185
15/3/2018,536.4000244,468.3999939,2560,186.6999969
16/3/2018,527.2000122,445.3999939,2527,184.1499939
19/3/2018,527.2000122,438.7999878,2532,185.0500031
20/3/2018,534.2000122,450.7999878,2551,187.8999939
21/3/2018,536,467.2000122,2561,187.1999969
22/3/2018,519.7999878,453.7999878,2489,183.6000061
23/3/2018,525,460,2495,184.5500031
26/3/2018,527.2000122,458.7999878,2500,183.8000031
27/3/2018,531.5999756,464.2000122,2526,184.6499939
28/3/2018,532.2000122,469.3999939,2544,185.4499969
29/3/2018,530.4000244,454.3999939,2530,184.6000061
1/4/2018,652.2000122,547.5,2754,208.3000031
4/4/2018,527.4000244,456.3999939,2558,185.5
5/4/2018,561.5999756,485.7999878,2730,193
6/4/2018,560,440.3999939,2851,188.9499969
7/4/2018,492.8999939,391.3999939,2482,173.9499969
9/4/2018,535.5999756,372.3999939,2358,164.3000031
10/4/2018,557.5999756,348.3999939,2303,165
12/4/2018,450.7999878,325,1864,131.4499969
13/4/2018,556,484.2000122,2676,190.6499939
16/4/2018,554.5999756,486,2671,190.5
17/4/2018,559.7999878,485,2704,192.6000061
18/4/2018,558.7999878,493.7999878,2693,193.0500031
19/4/2018,553,506.5,2702,193.5
20/4/2018,559.5999756,503.5,2717,194
23/4/2018,562.7999878,501.5,2721,194.8000031
24/4/2018,553.5999756,494,2690,193.3500061
25/4/2018,551.4000244,486.7999878,2694,192.8500061
26/4/2018,553.5999756,487.3999939,2683,190.0500031
27/4/2018,562,490.6000061,2730,194
30/4/2018,558,487,2715,191.75
1/5/2018,657.7999878,563.5,2778,211.1999969
2/5/2018,567,494.3999939,2470,187.25
3/5/2018,539.4000244,477.2000122,2642,187.5
4/5/2018,544,472.6000061,2620,187.5
6/5/2018,551.4000244,436.6000061,2828,187
7/5/2018,487.2999878,384.3999939,2475,171.5
9/5/2018,545.2000122,374.3999939,2372,166.3999939
10/5/2018,556.7999878,345,2311,165.1999969
11/5/2018,536.7999878,364,2373,165.1499939
12/5/2018,473.7999878,337,1995.5,137
14/5/2018,553.2000122,489.3999939,2766,195.1000061
15/5/2018,568.2000122,493.7999878,2817,202.3000031
16/5/2018,558.5999756,430.6000061,2783,200.1999969
17/5/2018,559.7999878,428.7999878,2798,202.3000031
18/5/2018,556.4000244,421.6000061,2813,203.5
21/5/2018,565.5999756,443.6000061,2847,204.8999939
22/5/2018,567.2000122,448,2849,205
23/5/2018,563,447,2815,202.3999939
24/5/2018,554.7999878,442.2000122,2804,200.6000061
25/5/2018,560.7999878,443,2841,202.8000031
29/5/2018,548.7999878,437.3999939,2815,201.1999969
30/5/2018,547.7999878,439,2829,201.1999969
31/5/2018,545.5999756,440.3999939,2832,190.1499939
2/6/2018,563,477.7999878,2435,184.75
3/6/2018,535,473.7999878,2650,187.8500061
4/6/2018,549.7999878,479.6000061,2644,188.8000031
6/6/2018,569.4000244,443,2856,188.8999939
7/6/2018,483,383.7999878,2470,172.8999939
8/6/2018,534.7999878,373.2000122,2461,171.8000031
9/6/2018,553.2000122,373.6000061,2392,168
11/6/2018,530.5999756,360.7999878,2356,164.3500061
12/6/2018,463,335.6000061,1942.5,133
13/6/2018,558.4000244,424.7999878,2806,186.1499939
14/6/2018,562,427.7999878,2727,188.1000061
15/6/2018,556.2000122,419.3999939,2687,186.3500061
18/6/2018,556,414,2701,186.6999969
19/6/2018,546.4000244,401.3999939,2626,183.75
20/6/2018,538,399,2610,183.6499939
21/6/2018,517.7999878,393.7999878,2530,178.25
22/6/2018,527.7999878,403.2000122,2576,181.1000061
25/6/2018,523.2000122,397,2523,178.25
26/6/2018,523.2000122,403.2000122,2540,179.3500061
27/6/2018,521.4000244,403.3999939,2549,178.9499969
28/6/2018,512.7999878,388,2514,177.5500031
29/6/2018,515.4000244,389.7999878,2533,178.8999939
2/7/2018,572.2000122,498.2000122,2500,189.8999939
3/7/2018,534.5999756,476.7999878,2643,186.8999939
6/7/2018,573.2000122,439.2000122,2877,190.1499939
8/7/2018,541.4000244,377.3999939,2483,173.3999939
9/7/2018,553.4000244,369,2369,165.8000031
11/7/2018,533,362.7999878,2369,165.5500031
12/7/2018,462.8999939,337.6000061,1946,134
13/7/2018,517.2000122,379.2000122,2482,176
16/7/2018,517.2910156,379.0029907,2473.254883,174.8500061
17/7/2018,519.7999878,385.6000061,2501,175.6000061
18/7/2018,524.5999756,390.2000122,2491,176.6499939
19/7/2018,530.2000122,389.7999878,2509,177.6999969
20/7/2018,532.4000244,389.7999878,2504,177.1999969
23/7/2018,516.5999756,377.3999939,2433,170.1999969
24/7/2018,522,378,2457,172.25
25/7/2018,529.2000122,377,2475,175.3500061
26/7/2018,528.7999878,376.7999878,2465,174.6499939
27/7/2018,537.5999756,379.6000061,2463,175.8999939
30/7/2018,529.4000244,380.2000122,2457,172.0500031
31/7/2018,534,380.7999878,2482,174.9499969
1/8/2018,647.4000244,552,2748,208.6000061
2/8/2018,548.2000122,484.2000122,2394,181.9499969
3/8/2018,542.4000244,486,2548,187.6000061
5/8/2018,560.2000122,478.6000061,2750,192.4499969
6/8/2018,586,445.7999878,2880,191.0500031
8/8/2018,547,380.7999878,2501,174.8500061
10/8/2018,553.4000244,341,2283,164.75
11/8/2018,545,367.7999878,2397,166.3999939
13/8/2018,539.2000122,374,2464,171.6000061
14/8/2018,539.4000244,372,2443,170.3000031
15/8/2018,528.2000122,372.3999939,2422,168.5
16/8/2018,537.4000244,379.7999878,2469,170.25
17/8/2018,537,386.7999878,2462,170.8999939
20/8/2018,539,381,2444,169.6499939
21/8/2018,543.2000122,391.6000061,2440,169.8000031
22/8/2018,545.4000244,393,2467,170.5
23/8/2018,546.4000244,397.6000061,2489,171.3999939
24/8/2018,541.7999878,387.3999939,2454,168.8000031
28/8/2018,545.2000122,389.3999939,2488,170.6499939
29/8/2018,541.4000244,384.3999939,2469,168.6499939
30/8/2018,545,382.7999878,2468,169.8500061
31/8/2018,542,382.6000061,2433,167.3500061
1/9/2018,643.4000244,547,2715,208.8999939
2/9/2018,554,491.2000122,2409,184.3999939
3/9/2018,548.5999756,491.6000061,2597,188.1000061
4/9/2018,547,475.6000061,2648,187.8500061
5/9/2018,568.2000122,477.2000122,2773,193.8500061
7/9/2018,484.1000061,385.3999939,2475,172.9499969
8/9/2018,543,376,2479,173.3999939
10/9/2018,552.5999756,336.3999939,2276,164.8500061
11/9/2018,544,363.2000122,2386,168
13/9/2018,553.2000122,358,2368,169.8999939
14/9/2018,556.4000244,368,2387,170.1000061
17/9/2018,559.2000122,372,2383,170.3999939
18/9/2018,561.5999756,372.3999939,2385,169.8500061
19/9/2018,570,375.6000061,2423,172.9499969
20/9/2018,577,362.7999878,2434,172.8000031
21/9/2018,560,352.7999878,2366,169.8999939
24/9/2018,558,351,2359,169.0500031
25/9/2018,562.2000122,347.3999939,2381,171.9499969
26/9/2018,565,347,2374,172.3000031
27/9/2018,570,349.2000122,2386,174.25
28/9/2018,567,350.2000122,2365,171.8000031
1/10/2018,634.2000122,539.5,2673,200.1999969
4/10/2018,552.7999878,480.2000122,2677,190.3999939
5/10/2018,558.4000244,475.7999878,2757,192.6999969
7/10/2018,483,384.2000122,2496,173.8500061
8/10/2018,541.2000122,375.3999939,2474,172.3500061
9/10/2018,557.2000122,372.3999939,2374,167.9499969
10/10/2018,555.2000122,335,2261,165.0500031
12/10/2018,439,309.3999939,1861,129.3000031
15/10/2018,505.3999939,318,2211,158.6000061
16/10/2018,514,323,2259,160.1499939
17/10/2018,510,296.3999939,2198,156.6499939
18/10/2018,514.2000122,300,2209,157.3999939
19/10/2018,491.6000061,302.7999878,2162,151.3999939
22/10/2018,496.6000061,306,2190,151.25
23/10/2018,497.6000061,324,2194,153
24/10/2018,496.2999878,326,2200,153.1999969
25/10/2018,497.2000122,328.3999939,2207,153.3500061
26/10/2018,488.8999939,332,2186,151.8500061
29/10/2018,498.8999939,329.3999939,2226,155.3999939
30/10/2018,511,342.7999878,2276,160.8000031
31/10/2018,514,340.7999878,2294,161.5
1/11/2018,617,527,2643,196.5
4/11/2018,551,483,2675,190.1999969
5/11/2018,561.2000122,491.2000122,2795,195.3000031
6/11/2018,579,446.2000122,2860,189.4499969
7/11/2018,500,379.7999878,2485,173.9499969
9/11/2018,557.4000244,367.6000061,2372,167.8000031
10/11/2018,487.7999878,318.3999939,2178,157.8500061
12/11/2018,447.2000122,318.3999939,1890.5,131.6000061
13/11/2018,545.7999878,349,2375,164.1000061
14/11/2018,545.7999878,356.6000061,2352,162.1000061
15/11/2018,505.3999939,344.2000122,2179,149.9499969
16/11/2018,503,339.2000122,2128,148.3500061
19/11/2018,491.8999939,344.2000122,2106,148.1000061
20/11/2018,484.6000061,339.2000122,2073,145.6499939
21/11/2018,494.3999939,352.2000122,2101,148
22/11/2018,502.7999878,360.3999939,2122,150
23/11/2018,509,369.2000122,2175,152.6000061
26/11/2018,508,371.3999939,2171,151.1499939
27/11/2018,495,367.2000122,2113,147.6000061
28/11/2018,481,358,2014,141.3999939
29/11/2018,472.7000122,354,1965.5,138.5500031
30/11/2018,462.2000122,342.2000122,1900,134
1/12/2018,621.2000122,530,2647,197.8500061
2/12/2018,552.5999756,487.6000061,2414,184.25
3/12/2018,549,494.2000122,2584,187.1000061
4/12/2018,550.4000244,484.2000122,2660,190.25
6/12/2018,561,428,2790,185.5
7/12/2018,510,376.7999878,2484,175.25
9/12/2018,557,359.7999878,2382,169.6000061
10/12/2018,513.7999878,322.7999878,2249,161.1499939
11/12/2018,524.5999756,347.3999939,2316,163.1000061
12/12/2018,468.1000061,340,1971,136.3999939
13/12/2018,452.7000122,336,1949.5,135.1999969
14/12/2018,440.5,321,1897,132.3000031
17/12/2018,434,310.7999878,1859.5,131
18/12/2018,439.1000061,314,1869,133.1000061
19/12/2018,450.2000122,317.6000061,1893,135.1999969
20/12/2018,445.6000061,319,1896,134.75
21/12/2018,452,324,1903,134.75
24/12/2018,444.7000122,312,1901.5,134.8500061
27/12/2018,446,317.2000122,1882,133.0500031
28/12/2018,459.1000061,325.6000061,1934.5,136.8999939
31/12/2018,462.7999878,328.2000122,1930,136.25
2/1/2019,547.7999878,381.2000122,2411,167.75
3/1/2019,600.4000244,401.3999939,2433,179.8000031
4/1/2019,605.5999756,375,2171,176.6999969
5/1/2019,606,392.3999939,2222,183.1000061
7/1/2019,577.2000122,355.2000122,1992,159.3999939
8/1/2019,646,362.7999878,2014,161.1999969
10/1/2019,646.4000244,380.2000122,2171,162.0500031
11/1/2019,634,380,2289,168
14/1/2019,507.7999878,352.7999878,2229,157
15/1/2019,498.5,348,2201,155.25
16/1/2019,518,354,2320,164
17/1/2019,516.5999756,351.6000061,2315,162
18/1/2019,535,357.3999939,2395,167.1999969
21/1/2019,537,357,2388,165.75
22/1/2019,532.5999756,355.2000122,2390,165.3999939
23/1/2019,534.4000244,355.3999939,2371,166.0500031
24/1/2019,539,348,2380,166.3999939
25/1/2019,536.4000244,348.3999939,2392,165.8000031
28/1/2019,535.4000244,341.6000061,2356,163.6499939
29/1/2019,537,361.6000061,2386,166.1000061
30/1/2019,544,367.2000122,2408,167.6999969
31/1/2019,538.5999756,377.3999939,2375,165.1499939
1/2/2019,462.2000122,330.6000061,1940.5,136.8500061
4/2/2019,607,370.6000061,2162,179.25
5/2/2019,596.5999756,387.6000061,2209,181.6000061
7/2/2019,579.4000244,356,1966.5,160.1000061
8/2/2019,639.2000122,356,1953,155.4499969
9/2/2019,632.4000244,346,1904.5,147.3000031
10/2/2019,618.2000122,369,2088,155.6499939
12/2/2019,656.2000122,381,2513,172.5500031
13/2/2019,564.5999756,380,2433,166.4499969
14/2/2019,564.2000122,370,2403,164.1499939
15/2/2019,563.5999756,369.3999939,2405,164.1499939
18/2/2019,562,369.3999939,2420,164.6000061
19/2/2019,568.7999878,373.2000122,2431,166.1000061
20/2/2019,571.2000122,376.6000061,2441,167.1000061
21/2/2019,575.7999878,379.2000122,2460,167.25
22/2/2019,575.2000122,380.6000061,2468,167.5500031
25/2/2019,573.2000122,379.3999939,2352,165.3500061
26/2/2019,589.2000122,391.3999939,2396,170.9499969
27/2/2019,599.2000122,394.6000061,2452,177
28/2/2019,599,390.7999878,2433,181.3999939
1/3/2019,464.2999878,329.2000122,1947,137.6999969
4/3/2019,621.7999878,382.2000122,2241,187.0500031
5/3/2019,593.7999878,382.3999939,2188,181.1999969
6/3/2019,552.7999878,360,1950,163.9499969
7/3/2019,585.2000122,360.7999878,1987.5,162.1999969
9/3/2019,622,343.6000061,1864,146.3999939
10/3/2019,618,365.6000061,2087,150.6499939
12/3/2019,649.5999756,381,2490,172.5
13/3/2019,609,394.2000122,2237,181.8500061
14/3/2019,611.7999878,396.2000122,2265,182.1499939
15/3/2019,613,404.6000061,2294,183.75
18/3/2019,613.2000122,404.7999878,2284,183.3500061
19/3/2019,613.5999756,397.6000061,2305,185
20/3/2019,595,388.7999878,2212,178.6000061
21/3/2019,584.7999878,354.2000122,2160,176.6000061
22/3/2019,586.4000244,351.2000122,2138,174.5
25/3/2019,590,353,2155,175.4499969
26/3/2019,594.5999756,370.7999878,2160,175.1000061
27/3/2019,610.7999878,368.7999878,2198,178.8000031
28/3/2019,593.5999756,362.6000061,2173,178.1499939
29/3/2019,599.2000122,370,2170,175.4499969
1/4/2019,473.5,332,2006,140.3999939
2/4/2019,547.5999756,382.6000061,2402,168.3999939
3/4/2019,605.4000244,401.7999878,2460,181.3500061
4/4/2019,625.7999878,389.6000061,2246,184.9499969
6/4/2019,554,364.6000061,2006,166.0500031
7/4/2019,584,360.7999878,1964,161.1499939
9/4/2019,599.5999756,348.3999939,1866.5,148.1000061
10/4/2019,620.5999756,368,2096,149.6000061
11/4/2019,626.7999878,371.7999878,2270,168.1000061
12/4/2019,665,388.6000061,2533,175
15/4/2019,618.7999878,399.3999939,2312,189.6499939
16/4/2019,623,400.3999939,2348,190.75
17/4/2019,613.4000244,395.7999878,2349,188.6499939
18/4/2019,615.2000122,395.3999939,2344,190.0500031
23/4/2019,612,395.3999939,2327,190.6000061
24/4/2019,617.2000122,400.6000061,2331,192.25
25/4/2019,602.5999756,387,2270,181.9499969
26/4/2019,606,385.3999939,2270,182.5500031
29/4/2019,612.7999878,388.7999878,2269,184.5500031
30/4/2019,601.7999878,385,2236,181.3999939
2/5/2019,546.4000244,382,2433,168.4499969
3/5/2019,608,399.3999939,2471,184.5
4/5/2019,616,383,2225,184
6/5/2019,565.7999878,368,2022,169.1499939
7/5/2019,574.4000244,354.3999939,1922.5,158.6499939
8/5/2019,625.5999756,347,1906,147.3999939
9/5/2019,607.2000122,351.3999939,1914.5,151.75
11/5/2019,630.7999878,375,2277,170.0500031
12/5/2019,661.4000244,391.3999939,2515,174
13/5/2019,597.5999756,362.3999939,2060,175.4499969
14/5/2019,609.5999756,366,2108,177.1999969
15/5/2019,613.4000244,369.6000061,2108,176.5
16/5/2019,620,366.6000061,2114,178.4499969
17/5/2019,613.5999756,372.7999878,2117,177.6000061
20/5/2019,586.7999878,365.3999939,2046,171.5
21/5/2019,597,376.6000061,2108,175.8500061
22/5/2019,571.4000244,361,1991.5,168
23/5/2019,559.4000244,353.2000122,1950,165.8000031
24/5/2019,566,359,1968.5,168.3000031
28/5/2019,568.5999756,370.7999878,1971.5,167.5500031
29/5/2019,564.4000244,367.6000061,1960,167
30/5/2019,568.7999878,373,1975,168.6999969
31/5/2019,558,366.6000061,1967,165.25
2/6/2019,561.7999878,383.7999878,2441,168.3500061
3/6/2019,612.2000122,394.6000061,2433,183.5500031
6/6/2019,562,357.6000061,2022,156.5
8/6/2019,624.4000244,349.2000122,1896.5,146.5
9/6/2019,613,356.7999878,1911.5,150.4499969
11/6/2019,633.5999756,368.2000122,2276,167.8999939
12/6/2019,668.5999756,396.7999878,2525,177.3500061
13/6/2019,568.4000244,355.7999878,1955,158.1999969
14/6/2019,561.5999756,356.3999939,1945.5,155.6000061
17/6/2019,565,360.2000122,1936.5,156.6000061
18/6/2019,564,359.7999878,1944.5,157
19/6/2019,562.5999756,355,1936.5,156.75
20/6/2019,565.4000244,355.3999939,1936.5,156.4499969
21/6/2019,562.5999756,356.3999939,1947,157.1000061
24/6/2019,563.4000244,347.7999878,1937.5,156.1000061
25/6/2019,561.2000122,345.7999878,1944.5,155.8999939
26/6/2019,557.7999878,345.3999939,1930,154.75
27/6/2019,564.2000122,348.2000122,1937.5,155.4499969
28/6/2019,572.5999756,357,1997,157.75
1/7/2019,477,337.6000061,2008,139.6999969
2/7/2019,553,374.7999878,2378,164.25
3/7/2019,604.5999756,382.3999939,2250,179.8999939
5/7/2019,583.7999878,378.2000122,2154,180.3500061
6/7/2019,565,358.3999939,2041,157.4499969
8/7/2019,631.5999756,355.2000122,1908.5,148.75
10/7/2019,619.4000244,369.2000122,2069,149.75
11/7/2019,640.4000244,368,2362,169.1999969
15/7/2019,624.5999756,363.2000122,1932,163.0500031
16/7/2019,625.5999756,360,1928.5,163.6000061
17/7/2019,632,356.6000061,1950.5,163.5500031
18/7/2019,631.4000244,354,1978,164.8999939
19/7/2019,634,352.3999939,1974,165
22/7/2019,643.4000244,357.2000122,2030,167.6499939
23/7/2019,645.5999756,359.7999878,2026,167.0500031
24/7/2019,653.7999878,367,2065,173.5
25/7/2019,655.4000244,361.2000122,2071,172.6000061
26/7/2019,662,370,2094,173.5
29/7/2019,663,370.6000061,2094,174.3500061
30/7/2019,657.7999878,368.3999939,2041,176.5500031
31/7/2019,645.2000122,367,2009,161.8000031
1/8/2019,479.2999878,337.3999939,2040,140.3999939
2/8/2019,563,370.3999939,2399,164.4499969
3/8/2019,605.2000122,389.6000061,2248,179.1499939
4/8/2019,619.7999878,384.2000122,2214,184.5
5/8/2019,586,374.3999939,2110,177.25
7/8/2019,571,352.7999878,1890,157.6999969
8/8/2019,634,353.7999878,1916.5,148.8000031
10/8/2019,614.5999756,358.7999878,2026,145.8999939
11/8/2019,626.7999878,359.3999939,2358,167.8000031
13/8/2019,637.5999756,345.3999939,1907,147.25
14/8/2019,623,337.7999878,1860,144.3999939
15/8/2019,618.4000244,332,1836,142.8999939
16/8/2019,619.5999756,334.7999878,1841,143.6000061
19/8/2019,626.2000122,340.6000061,1862,146.1999969
20/8/2019,622.5999756,345.2000122,1846.5,144.8999939
21/8/2019,625.2000122,352.3999939,1859,146.25
22/8/2019,628,350.7999878,1900,147.5500031
23/8/2019,636,354,1909.5,147.1000061
27/8/2019,647.2000122,357.2000122,1930,148.3999939
28/8/2019,625,344.6000061,1875,143.1000061
29/8/2019,626.4000244,344.3999939,1874.5,143.6499939
30/8/2019,632.4000244,347.2000122,1902.5,145.9499969
1/9/2019,494.7999878,348,2106,149.1000061
4/9/2019,605.2000122,373.7999878,2179,181.6499939
5/9/2019,600,371.3999939,2112,178.5
7/9/2019,576.4000244,351.7999878,1872,158
8/9/2019,637,350.2000122,1899,147.75
9/9/2019,594.4000244,360,1898.5,149.6000061
10/9/2019,609.4000244,354,1993,144.0500031
12/9/2019,670.2000122,405.2000122,2527,177.8000031
13/9/2019,655.5999756,396.3999939,2086.147949,164.3000031
16/9/2019,651.7999878,392.7999878,2101,162.9499969
17/9/2019,641.5999756,385.6000061,2048,163.5500031
18/9/2019,632.2000122,380.7999878,2022,160.5500031
19/9/2019,631.5999756,372,2030,160.6999969
20/9/2019,646,377.7999878,2120,165.5500031
23/9/2019,646.5999756,386.2000122,2115,163.1000061
24/9/2019,639.2000122,385,2111,160.3000031
25/9/2019,634.7999878,378,2053,160
26/9/2019,631.2000122,377,2067,160.5500031
27/9/2019,645.5999756,382,2175,162.3999939
30/9/2019,648,379,2170,161.5
1/10/2019,489.2000122,345.7999878,2111,148.8999939
4/10/2019,604.2000122,376.2000122,2177,182.6999969
5/10/2019,601.7999878,371,2095,177.1999969
6/10/2019,564.4000244,357.7999878,2045,157.3000031
7/10/2019,584.2000122,352.7999878,1885.5,158.5
9/10/2019,608.5999756,369.6000061,1951.5,153.5
10/10/2019,586.7999878,362.7999878,2063,147.75
12/10/2019,664.4000244,401.2000122,2504,176.1499939
14/10/2019,649.5999756,399.7999878,2288,162.5500031
15/10/2019,683,417.3999939,2380,166.75
16/10/2019,676.7999878,415.3999939,2336,164
17/10/2019,671,424.7999878,2368,165.6000061
18/10/2019,674.2000122,432,2400,165.5
21/10/2019,669.5999756,435.2000122,2395,169.1499939
22/10/2019,668.7999878,433.2000122,2395,169.8500061
23/10/2019,652.5999756,425.2000122,2355,167.5
24/10/2019,646.2000122,418,2344,166.1499939
25/10/2019,646,417,2350,167.1000061
28/10/2019,648.4000244,418.2000122,2360,169.5
29/10/2019,642.5999756,413,2327,167.1999969
30/10/2019,637.7999878,409.3999939,2298,166.4499969
31/10/2019,631.2000122,388.3999939,2277,165.5
1/11/2019,503.3999939,356.7999878,2203,156.0500031
2/11/2019,574.2000122,378.6000061,2445,167.6999969
3/11/2019,601.4000244,380.2000122,2187,178
4/11/2019,616.5999756,386.2000122,2264,188
6/11/2019,570,356.6000061,2055,157.8500061
7/11/2019,614.4000244,355.7999878,1903,161
9/11/2019,624.4000244,383.7999878,2030,157.6000061
10/11/2019,654.4000244,405.2000122,2287,163.75
11/11/2019,642.5999756,367,2450,169.25
12/11/2019,658.5999756,401.2000122,2500,174.6999969
13/11/2019,640,361.6000061,2467,166.3500061
14/11/2019,642.4000244,360.3999939,2433,169.3999939
15/11/2019,651.7999878,368.7999878,2478,171.6000061
18/11/2019,655.4000244,367.6000061,2512,174.3999939
19/11/2019,652.2000122,369,2474,173.9499969
20/11/2019,652.7999878,371.6000061,2465,172.3999939
21/11/2019,646.2000122,366.6000061,2455,169.8000031
22/11/2019,659.4000244,370.6000061,2513,174.5500031
25/11/2019,672.2000122,375,2563,175.8999939
26/11/2019,668.7999878,377.3999939,2568,177.8000031
27/11/2019,684.4000244,383.7999878,2596,177.6499939
28/11/2019,681,389.2000122,2614,177.8500061
29/11/2019,666.7999878,384.3999939,2558,174.25
2/12/2019,560.2000122,373.3999939,2395,164.3000031
3/12/2019,607,385,2228,181.9499969
4/12/2019,618,391,2285,187.8500061
6/12/2019,570.5999756,355.2000122,2047,157.5500031
7/12/2019,627,368,1989.5,163.9499969
8/12/2019,637,344.2000122,1912.5,147.8000031
9/12/2019,624,375.6000061,2029,157.0500031
11/12/2019,641.5999756,364.3999939,2451,169.9499969
12/12/2019,671,399.6000061,2514,174.1000061
13/12/2019,765,433.7999878,2816,199.6499939
16/12/2019,774.2000122,445,2826,201.1999969
17/12/2019,759.7999878,418.7999878,2721,195.8999939
18/12/2019,746.7999878,421,2664,193.5
19/12/2019,736.5999756,425.3999939,2664,191.6000061
20/12/2019,739.2000122,422,2610,192.6000061
23/12/2019,740.2000122,428,2611,191.5
24/12/2019,743.5999756,437,2625,192.6000061
27/12/2019,746,437.7999878,2650,194.4499969
30/12/2019,746,429,2688,194
31/12/2019,746.5999756,431.7999878,2695,193.3999939
4/1/2020,411.6000061,180.3000031,1708,110
5/1/2020,530.7999878,255.6000061,2206,149.3999939
6/1/2020,507.6000061,267.3999939,2389,151.3000031
7/1/2020,494.2999878,196.5,2276,138.5
9/1/2020,503.6000061,191,2551,117.6500015
10/1/2020,489.5,198,2510,109.0500031
12/1/2020,655.7999878,316.2000122,2839,166.0500031
13/1/2020,768.4000244,429,2735,202
14/1/2020,781,432.3999939,2796,209.8999939
15/1/2020,787.2000122,438.6000061,2807,209.3999939
16/1/2020,792,435.3999939,2850,210.1000061
17/1/2020,799.4000244,442,2891,212.3999939
20/1/2020,816.4000244,444,2948,214.3999939
21/1/2020,806.7999878,441,2977,214.3000031
22/1/2020,803,444.6000061,3001,216.3999939
23/1/2020,797.2000122,444.3999939,3015,218.8999939
24/1/2020,809.5999756,445.7999878,3049,223
27/1/2020,793.5999756,440.2000122,2993,217
28/1/2020,806.4000244,472.6000061,3027,218.1000061
29/1/2020,799,495,3011,214.6999969
30/1/2020,802.4000244,500,3040,215
31/1/2020,802.7999878,500,3053,215.1000061
1/2/2020,752,438.2000122,2730,197
3/2/2020,750.4000244,443.3999939,2841,202.8999939
4/2/2020,417.3999939,185.8999939,1676.5,109.3000031
6/2/2020,513.5999756,264,2368,152.4499969
7/2/2020,504.7999878,202.8000031,2305,143.25
9/2/2020,547.4000244,201.1999969,2695,126.0500031
10/2/2020,491.1000061,197.6000061,2536,109.3000031
11/2/2020,494.8999939,217.6000061,2328,108.5999985
12/2/2020,648.7999878,314,2763,162.1499939
13/2/2020,859.5999756,511,3181,228.1999969
14/2/2020,870.5999756,513.5,3230,231.8000031
17/2/2020,870.4000244,514.5,3247,231.8999939
18/2/2020,870.7999878,511,3243,231.6999969
19/2/2020,878.4000244,519,3298,236.1999969
20/2/2020,863.4000244,516,3261,230.1000061
21/2/2020,863.2000122,518,3282,232.3999939
24/2/2020,837,498.2000122,3184,224.3000031
25/2/2020,806,479.3999939,3087,219
26/2/2020,786.2000122,474,3078,212.3999939
27/2/2020,768.7999878,453,2883,205.3000031
28/2/2020,757.2000122,452,2839,202.1999969
1/3/2020,746,433,2686,194.8500061
2/3/2020,810.7999878,500,3094,219.1000061
3/3/2020,757.7999878,455.6000061,2942,207.8000031
4/3/2020,384.2999878,164.5,1622.5,101.5
6/3/2020,537.5999756,281.3999939,2478,159.1999969
7/3/2020,490.2999878,198,2259,137
8/3/2020,524.4000244,184.1999969,2480,118.75
9/3/2020,539.4000244,194.5,2641,120.8499985
11/3/2020,515.2000122,253.6000061,2421,116.0500031
12/3/2020,659.2000122,326.3999939,2854,166.9499969
13/3/2020,526.5999756,333.7999878,2042,148.5500031
16/3/2020,453.5,320,1826,130.3999939
17/3/2020,450,299.3999939,1743.5,120.5
18/3/2020,394.6000061,257.7999878,1546,116.5999985
19/3/2020,364.7000122,182.3000031,1534.5,110.1500015
20/3/2020,408.2000122,188.3999939,1678.5,116.8499985
23/3/2020,388.2999878,190.1000061,1582,114.0500031
24/3/2020,409.2999878,192.3000031,1691.5,116.3000031
25/3/2020,427.5,196.6999969,1950,124.3000031
26/3/2020,478.1000061,204.3999939,2079,131.6999969
27/3/2020,453,193.8000031,1850,119.8499985
30/3/2020,445.5,184.1999969,1824.5,117.3000031
31/3/2020,441,175.5,1916.5,117.5
2/4/2020,821,517,3138,222.8999939
3/4/2020,773.5999756,452,2972,211.1000061
5/4/2020,534.4000244,257.6000061,2201,151.8000031
6/4/2020,529.4000244,275,2457,158.75
8/4/2020,515.7999878,185.3999939,2430,119.3000031
9/4/2020,501.7999878,189.3999939,2503,114.8499985
11/4/2020,528,266,2468,119.5
12/4/2020,653.5999756,319.6000061,2868,161.1000061
14/4/2020,464.2999878,229.8000031,1973,127.1999969
15/4/2020,433.2999878,214,1839,125.25
16/4/2020,460.7999878,232,1889,127.9499969
17/4/2020,485.7000122,241.8000031,1998,136.3500061
20/4/2020,461.1000061,238.8000031,1955,129.9499969
21/4/2020,452.3999939,232.1999969,1933,128.3999939
22/4/2020,474.5,235,2020,135.1000061
23/4/2020,515.7999878,255,2189,147.8000031
24/4/2020,517.7999878,260.2000122,2193,151.5500031
27/4/2020,514,260.3999939,2130,148.6999969
28/4/2020,541,261.2000122,2210,155.3999939
29/4/2020,545.7999878,285.6000061,2272,155.3500061
30/4/2020,519,256.7999878,2205,147.0500031
2/5/2020,839.4000244,506,3100,222.5
3/5/2020,753.7999878,435,2766,205.8999939
5/5/2020,517.2000122,254.8000031,2212,150.6999969
6/5/2020,550.2000122,295.2000122,2540,161.3999939
8/5/2020,520.2000122,195.5,2456,123.6999969
10/5/2020,511.3999939,206,2597,110.8000031
11/5/2020,534.5999756,259.7999878,2573,122.5
13/5/2020,478.7000122,232.3999939,2151,141.8999939
14/5/2020,464.7999878,230.1999969,2049,137.1999969
15/5/2020,478.1000061,236.8000031,2099,140.3999939
18/5/2020,494.5,237,2209,144.75
19/5/2020,503.3999939,252.3999939,2196,145.3000031
20/5/2020,484,241.8000031,2120,138.3000031
21/5/2020,489.3999939,244.8000031,2128,138.0500031
22/5/2020,495,241.3999939,2164,140.8999939
26/5/2020,533,270,2327,152.3999939
27/5/2020,502.7999878,263.6000061,2269,149.1000061
28/5/2020,532,267.2000122,2340,154.75
29/5/2020,497,265.2000122,2293,143.6000061
1/6/2020,747.7999878,431,2689,193.3999939
2/6/2020,804.4000244,501,3051,217.6999969
3/6/2020,732,426.3999939,2692,199.5500031
4/6/2020,447.3999939,189.5,1827,117
5/6/2020,517.2000122,251,2250,149.6499939
7/6/2020,529.4000244,208,2398,143.9499969
8/6/2020,500,188.1000061,2364,118.3499985
10/6/2020,525.4000244,218,2665,114
11/6/2020,541.4000244,260.6000061,2622,123.3000031
15/6/2020,499.2000122,253.8000031,2267,145.8000031
16/6/2020,514.4000244,267.2000122,2328,151.3999939
17/6/2020,512.7999878,260.2000122,2340,151.8000031
18/6/2020,503.6000061,252.3999939,2302,142.75
19/6/2020,508.2000122,248.3999939,2332,148.9499969
22/6/2020,517.4000244,251,2350,150.3999939
23/6/2020,514,250.8000031,2362,148.0500031
24/6/2020,492.7000122,205.1999969,2259,142.3000031
25/6/2020,499.7000122,219.8000031,2265,143.0500031
26/6/2020,501.6000061,214.1999969,2283,142.5500031
29/6/2020,497.2000122,207.6000061,2294,141.9499969
30/6/2020,495.8999939,197.6999969,2286,142.6000061
1/7/2020,762.2000122,435,2727,194.3999939
2/7/2020,799.4000244,495.3999939,3043,217.6000061
4/7/2020,471.2000122,218.8000031,1956,127.1999969
5/7/2020,530.7999878,257.6000061,2282,151.8999939
7/7/2020,528.4000244,212.1999969,2412,144
8/7/2020,510.6000061,193.5,2407,119.5
9/7/2020,514,208.1999969,2565,117.1500015
10/7/2020,525,221.1999969,2615,116.3000031
12/7/2020,631,309.6000061,2716,157.8500061
13/7/2020,541.7999878,214.3999939,2656,143.6999969
14/7/2020,528.2000122,211.8000031,2543,138.75
15/7/2020,539,210,2613,143.3999939
16/7/2020,539.4000244,214.8000031,2627,142.1499939
17/7/2020,541.5999756,210,2629,141.6999969
20/7/2020,547.4000244,211.6000061,2614,140.1000061
21/7/2020,535.2000122,216.1999969,2527,138
22/7/2020,537.5999756,212.6000061,2580,137.5500031
23/7/2020,532,207,2530,134.25
24/7/2020,518.7999878,201,2463,130
27/7/2020,516.7999878,199,2462,130
28/7/2020,541,206,2536,132.9499969
29/7/2020,526.2000122,199.1999969,2479,122.1999969
30/7/2020,519.2000122,191.1000061,2431,121.8000031
31/7/2020,510.6000061,187.1000061,2402,118.3499985
1/8/2020,761.2000122,428.2000122,2723,193.3500061
4/8/2020,486,236.1999969,2025,132.1000061
6/8/2020,579.2000122,294.6000061,2522,166.4499969
7/8/2020,522,208,2433,141.4499969
9/8/2020,502.7999878,200,2512,114.8000031
10/8/2020,542,242,2621,121.25
12/8/2020,626,304.3999939,2701,157.3500061
13/8/2020,510.7999878,193.1999969,2514,119.5
14/8/2020,511.7999878,192.8999939,2534,120.25
17/8/2020,521.4000244,194.5,2613,121.3499985
18/8/2020,534.4000244,201,2822,121.5999985
19/8/2020,522.5999756,197.8000031,2752,122.4499969
20/8/2020,521.5999756,196.1000061,2691,119.9499969
21/8/2020,522,194.3999939,2677,120.6500015
24/8/2020,526,193.3999939,2688,121.5500031
25/8/2020,509.7999878,189.3999939,2650,117.8000031
26/8/2020,517.2000122,191.3999939,2690,119.6500015
27/8/2020,516.4000244,193.1000061,2612,120.0999985
28/8/2020,525.2000122,198.1999969,2620,122.5
1/9/2020,758,429,2730,196.1000061
3/9/2020,672.5999756,396.2000122,2483,186.1499939
4/9/2020,512.4000244,249.1999969,2111,141.8999939
6/9/2020,545.2000122,286.6000061,2405,159
7/9/2020,532.2000122,210,2589,143.3999939
9/9/2020,500.6000061,200.1999969,2471,112.8499985
10/9/2020,542.5999756,246.6000061,2586,120.1999969
11/9/2020,611.7999878,293,2790,146.25
12/9/2020,630.7999878,310.2000122,2685,160.0500031
14/9/2020,502,196.1000061,2492,110.6500015
15/9/2020,503.2000122,200.1999969,2547,113.6999969
16/9/2020,500.7999878,201.6000061,2547,113.3000031
17/9/2020,499,198.3000031,2517,110.0999985
18/9/2020,473.8999939,190,2496,105.3000031
21/9/2020,443.3999939,167.8000031,2317,99.94000244
22/9/2020,432.6000061,166.1000061,2271,99.18000031
23/9/2020,438.5,173.6999969,2326,100.75
24/9/2020,452.7000122,180.3999939,2417,101.0500031
25/9/2020,455,179.3999939,2411,101.1999969
28/9/2020,475.8999939,195.1000061,2498,105.3000031
29/9/2020,473.7999878,194.1000061,2450,105.25
30/9/2020,475.7999878,197.5,2473,108.4499969
1/10/2020,756.2000122,423.7999878,2706,197.6499939
2/10/2020,823.7999878,495,3077,217.8000031
3/10/2020,667.4000244,398.7999878,2467,185.8999939
6/10/2020,538.5999756,283.6000061,2423,156.3000031
7/10/2020,543.5999756,220.8000031,2635,145
8/10/2020,503.3999939,192.5,2385,118.0999985
9/10/2020,512,204.6000061,2539,114.0999985
11/10/2020,608.4000244,298,2682,145.5500031
12/10/2020,598.5999756,290.6000061,2514,153.3000031
13/10/2020,543.7999878,239.1999969,2543,117.4499969
14/10/2020,553.2000122,239,2581,119.5500031
15/10/2020,550,242,2526,118.5500031
16/10/2020,536.7999878,237,2510,116.6500015
19/10/2020,537.2000122,240,2501,117.3000031
20/10/2020,531,237.6000061,2474,115.1500015
21/10/2020,525.7999878,239,2465,115.3499985
22/10/2020,529.2000122,245,2518,114.9499969
23/10/2020,541,243.1999969,2593,119.4000015
26/10/2020,526,234.6000061,2515,115.5500031
27/10/2020,502,222,2378,110.6500015
28/10/2020,487.5,217.1999969,2314,105.75
29/10/2020,484,220,2314,106.0500031
30/10/2020,482.5,219.8000031,2336,105.8000031
2/11/2020,826.5999756,498,3124,220.6999969
3/11/2020,645.2000122,395.7999878,2435,180
5/11/2020,510,243.1999969,2218,150.6499939
6/11/2020,518.7999878,261.2000122,2306,148.6999969
8/11/2020,499.6000061,193.6000061,2403,117.25
9/11/2020,506.2000122,200,2529,111.1500015
11/11/2020,621.2000122,309.6000061,2770,148.6000061
12/11/2020,583.4000244,281.7999878,2463,150.5500031
13/11/2020,619.4000244,310,2800,148.75
16/11/2020,634.2000122,319.3999939,2794,150.3000031
17/11/2020,654.4000244,314.3999939,2819,159
18/11/2020,666.2000122,322.7999878,2913,166
19/11/2020,652.4000244,313.6000061,2895,167.5
20/11/2020,648.7999878,309,2882,167
23/11/2020,648.7999878,317.3999939,2877,167.6999969
24/11/2020,644.7999878,316.2000122,2856,164.6000061
25/11/2020,636.2000122,310.3999939,2834,160.5
26/11/2020,629,300.7999878,2689,158.5
27/11/2020,629,303.6000061,2696,157.1999969
30/11/2020,620,293.7999878,2656,153.9499969
2/12/2020,856.4000244,506,3199,226.8000031
3/12/2020,554.5999756,352,2143,156.6499939
5/12/2020,491.7000122,229,2180,145.8500061
6/12/2020,525.7999878,264.6000061,2324,151.5
8/12/2020,517,192,2466,120.5999985
10/12/2020,551.4000244,240,2594,121.5999985
11/12/2020,609,300.7999878,2735,145.4499969
14/12/2020,605.5999756,295.6000061,2584,156.75
15/12/2020,621.2000122,303.6000061,2654,160.6499939
16/12/2020,650,311.2000122,2704,164.3999939
17/12/2020,650,313,2698,163.0500031
18/12/2020,650,308.7999878,2704,161.5
21/12/2020,636.4000244,301.3999939,2676,158.0500031
22/12/2020,649,307.2000122,2714,160.75
23/12/2020,676,324,2829,166.8500061
24/12/2020,688,329.3999939,2875,167
29/12/2020,681.5999756,326,2854,165.8999939
30/12/2020,680.2000122,327.3999939,2831,165.6999969
31/12/2020,670,325.7999878,2767,165.8000031
2/1/2021,663,326.3999939,2637,152
3/1/2021,698,341.6000061,2729,166.5500031
4/1/2021,764,411.6000061,3024,182.75
6/1/2021,774,459.3999939,3238,176.0500031
7/1/2021,711.4000244,427.3999939,3020,162.9499969
9/1/2021,742.7999878,415,2937,182.25
10/1/2021,654,377.7999878,2605,154.5
11/1/2021,643.7999878,350.2000122,2666,150.6000061
12/1/2021,710,327,2816,162.3500061
13/1/2021,675.2000122,301,2612,161
14/1/2021,695.7999878,308,2670,165
15/1/2021,695.5999756,304.7999878,2690,163.6000061
18/1/2021,702.2000122,309.2000122,2715,163.4499969
19/1/2021,695.2000122,309.6000061,2715,162.3000031
20/1/2021,702.7999878,312,2733,165.25
21/1/2021,705.5999756,309.2000122,2729,162.1999969
22/1/2021,693.2000122,308.3999939,2716,159.1000061
25/1/2021,687,306.2000122,2685,156.1499939
26/1/2021,683.4000244,309.3999939,2676,154.5500031
27/1/2021,675,325,2641,151.6000061
28/1/2021,664,328.7999878,2613,150.8000031
29/1/2021,638.7999878,323.3999939,2551,146.4499969
2/2/2021,676.2000122,326,2659,154.5500031
3/2/2021,684.2000122,339.2000122,2710,165.8999939
6/2/2021,773,459.3999939,3228,174.8999939
7/2/2021,713.2000122,423.2000122,3021,163.4499969
8/2/2021,711,414.3999939,2912,165.8500061
9/2/2021,709.4000244,414.3999939,2876,177.8000031
11/2/2021,651.7999878,345.2000122,2676,152.6999969
12/2/2021,711,330,2787,161.8000031
15/2/2021,703.4000244,322.7999878,2838,168.5
16/2/2021,694,321.6000061,2818,165.6000061
17/2/2021,680,310.7999878,2759,160.5500031
18/2/2021,686.4000244,305.7999878,2772,161.5
19/2/2021,684.4000244,309.2000122,2773,162.3999939
22/2/2021,683.4000244,309.2000122,2768,162.4499969
23/2/2021,684,317.7999878,2725,163.9499969
24/2/2021,694.7999878,329.7999878,2764,166.6000061
25/2/2021,678.2000122,327.7999878,2671,163.3500061
26/2/2021,664.4000244,321.2000122,2590,157.6000061
2/3/2021,673.4000244,320.6000061,2700,155.8000031
3/3/2021,732.5999756,366,2895,175.8500061
6/3/2021,760,452,3170,172.3999939
8/3/2021,707,414.3999939,2893,164.8500061
9/3/2021,711.4000244,419.3999939,2870,177.3500061
11/3/2021,653.5999756,349.6000061,2665,152.8999939
12/3/2021,718.7999878,336.7999878,2806,163
15/3/2021,748.5999756,387,2951,181.8000031
16/3/2021,770,399,3016,184.6999969
17/3/2021,755.4000244,382.7999878,2975,182.3000031
18/3/2021,766.7999878,364.7999878,2953,184.8000031
19/3/2021,770,375.3999939,2952,180
22/3/2021,763.4000244,375.2000122,2939,180.4499969
23/3/2021,778,399.2000122,2977,183.8500061
24/3/2021,764.5999756,392.2000122,2945,178.1499939
25/3/2021,779.5999756,395.7999878,3021,180.5500031
26/3/2021,770.5999756,401.7999878,3021,180.1000061
29/3/2021,749.5999756,406,2927,179.6999969
30/3/2021,757.2000122,412.2000122,2976,183.0500031
31/3/2021,746.7999878,408,2940,180.4499969
1/4/2021,650,306.6000061,2720,157.8000031
2/4/2021,689.4000244,328.3999939,2736,158.3999939
3/4/2021,719,375.7999878,2934,172.5
5/4/2021,755.4000244,402,3074,173.6499939
6/4/2021,755.7999878,443.2000122,3151,171.3999939
8/4/2021,705.2000122,405.6000061,2884,168
10/4/2021,649.4000244,371.7999878,2590,152.6999969
11/4/2021,666.2000122,349.3999939,2712,156.3000031
13/4/2021,784.7999878,415,3176,187.9499969
14/4/2021,781.7999878,414.6000061,3161,188.1000061
15/4/2021,794.7999878,428,3209,191.6999969
16/4/2021,784,425.3999939,3201,190.9499969
19/4/2021,778,418.6000061,3185,190.3999939
20/4/2021,765.7999878,402.3999939,3139,184.6000061
21/4/2021,770,408.6000061,3130,183.3500061
22/4/2021,779.5999756,407.6000061,3156,184.8000031
23/4/2021,782.4000244,411.2000122,3178,187.3500061
26/4/2021,776.2000122,416,3152,184.5500031
27/4/2021,769.4000244,412.3999939,3147,183.3999939
28/4/2021,773.4000244,416,3144,182.9499969
29/4/2021,767.2000122,408.7999878,3132,180
30/4/2021,772,408.7999878,3132,179.6000061
1/5/2021,658,311,2725,161.25
2/5/2021,710,338,2765,161.6000061
3/5/2021,713.4000244,374,2906,170.8999939
5/5/2021,765.5999756,407.2000122,3131,180.0500031
7/5/2021,723.2000122,428.7999878,3063,164.8000031
8/5/2021,713.5999756,405,2879,171.8000031
10/5/2021,643.4000244,366.7999878,2574,153.1000061
11/5/2021,656.2000122,351.2000122,2683,155.3000031
13/5/2021,752.4000244,421.2000122,3075,174
14/5/2021,768.7999878,427.7999878,3147,177
17/5/2021,759.4000244,412.3999939,3108,175.6499939
18/5/2021,757.5999756,409.2000122,3109,175.9499969
19/5/2021,750.5999756,414.7999878,3046,171.8999939
20/5/2021,757.5999756,425,3064,172.6999969
21/5/2021,754.4000244,430,3066,170.1000061
24/5/2021,752,436,3070,169.9499969
25/5/2021,750.5999756,437.3999939,3065,170.1499939
26/5/2021,758.4000244,448.6000061,3127,172.6499939
27/5/2021,739.2000122,441.3999939,3085,167
28/5/2021,756.4000244,458.2000122,3160,171.3999939
1/6/2021,673.4000244,307.7999878,2792,164.6000061
4/6/2021,779.7999878,416.3999939,3092,182.8500061
5/6/2021,779.7999878,422.6000061,3166,178.4499969
7/6/2021,712,426.7999878,3033,163.5500031
8/6/2021,721,411.3999939,2915,175.1000061
9/6/2021,714.5999756,423.2000122,2878,177.8999939
10/6/2021,628.2000122,356.7999878,2514,148
12/6/2021,719.4000244,344.3999939,2771,164
14/6/2021,731.2000122,429.2000122,3105,167.3000031
15/6/2021,730.7999878,424.2000122,3091,167.6999969
16/6/2021,733.7999878,423.3999939,3085,167.8999939
17/6/2021,724.7999878,419.6000061,3089,166.8000031
18/6/2021,707.7999878,415.7999878,3007,160.6999969
21/6/2021,709.7999878,429.6000061,3038,165
22/6/2021,709.2000122,438.7999878,3027,164.3000031
23/6/2021,696.7999878,430.3999939,2975,160.6000061
24/6/2021,702.7999878,435.2000122,2956,161.8000031
25/6/2021,702.2000122,411.7999878,2958,161
28/6/2021,703,429.2000122,2935,160.4499969
29/6/2021,706,438.6000061,2981,162.25
30/6/2021,695.2000122,419.3999939,2958,158.9499969
1/7/2021,689,305.2000122,2804,164.9499969
4/7/2021,789.7999878,419.3999939,3173,186.1999969
5/7/2021,780.5999756,418.2000122,3199,180.75
6/7/2021,768.4000244,463.7999878,3236,173.3500061
7/7/2021,714.7999878,424.3999939,3070,164.1999969
9/7/2021,708.5999756,413.7999878,2831,176.0500031
10/7/2021,635,359,2538,148.5500031
12/7/2021,732,351.6000061,2819,167.8000031
13/7/2021,696.7999878,410,2984,161.3999939
14/7/2021,711,414.2000122,3018,162.5
15/7/2021,689.5999756,404,2936,156.6499939
16/7/2021,687.4000244,397,2952,155.4499969
19/7/2021,670.2000122,384.2000122,2897,150.6499939
20/7/2021,679.2000122,395,2939,153.3500061
21/7/2021,699.2000122,405.6000061,3011,159.1000061
22/7/2021,713.5999756,407.7999878,2881,163.6499939
23/7/2021,719,415,2893,166.25
26/7/2021,711.2000122,412,2896,164.8000031
27/7/2021,703.5999756,404.3999939,2873,164.75
28/7/2021,705.2000122,415.2000122,2877,165.3000031
29/7/2021,710.7999878,415,2926,165.3000031
30/7/2021,703.5999756,414.7999878,2904,164.6000061
1/8/2021,720,322.2000122,2871,169.4499969
2/8/2021,695,323,2766,161.75
3/8/2021,741,392,3074,178.6499939
4/8/2021,781.2000122,418.7999878,3165,186.5500031
6/8/2021,758.4000244,456.7999878,3224,170.0500031
7/8/2021,688.7999878,410.3999939,2923,159.8000031
9/8/2021,684.2000122,400.7999878,2717,169.3000031
10/8/2021,635.5999756,359,2544,149.1000061
11/8/2021,655.5999756,352.6000061,2721,155.8000031
12/8/2021,741,360,2855,169.3000031
13/8/2021,719.5999756,415.6000061,2905,176.3999939
16/8/2021,715.7999878,409.6000061,2901,176.3999939
17/8/2021,705.5999756,405,2868,172.8500061
18/8/2021,722,416.3999939,2910,176.6000061
19/8/2021,711.2000122,409.7999878,2845,175.1000061
20/8/2021,715.2000122,409.7999878,2846,175.3999939
23/8/2021,709.7999878,409.3999939,2812,173.5
24/8/2021,729,420.7999878,2874,178.75
25/8/2021,731,420.3999939,2868,180.3500061
26/8/2021,734.4000244,416.3999939,2883,180.6499939
27/8/2021,733,419.6000061,2891,181.1999969
31/8/2021,739,419.7999878,2940,182.8999939
2/9/2021,697.5999756,332.2000122,2783,165.8999939
3/9/2021,750.2000122,375,3060,179.0500031
4/9/2021,794.5999756,418.7999878,3210,190.0500031
6/9/2021,741.2000122,436.6000061,3113,167.1999969
7/9/2021,705.7999878,421.2000122,3004,164.6000061
8/9/2021,710.5999756,409.3999939,2864,174.1999969
9/9/2021,690.5999756,404.6000061,2740,169.0500031
11/9/2021,650,343,2650,154
12/9/2021,740.4000244,358.6000061,2838,169.0500031
13/9/2021,697,404.3999939,2794,171.4499969
14/9/2021,686,400.7999878,2771,168.5
15/9/2021,680.2000122,392.6000061,2776,167.6499939
16/9/2021,690.5999756,403.3999939,2791,170.75
17/9/2021,679.7999878,413.6000061,2781,167.3500061
20/9/2021,676.2000122,406.6000061,2746,166.3500061
21/9/2021,685.7999878,407.2000122,2773,168.25
22/9/2021,690.5999756,413.2000122,2800,169.8500061
23/9/2021,694.2000122,405.6000061,2757,168.5
24/9/2021,681.5999756,395.3999939,2747,165.5
27/9/2021,685,400.3999939,2721,165.5500031
28/9/2021,666.2000122,388.2000122,2638,158.6999969
29/9/2021,670.2000122,387.3999939,2659,155.6499939
30/9/2021,660.4000244,383,2668,155.8000031
2/10/2021,680,315,2704,158.9499969
3/10/2021,760.4000244,372.6000061,3105,181.8999939
5/10/2021,781.2000122,426.6000061,3181,181.0500031
6/10/2021,728.5999756,426.2000122,3058,163.4499969
8/10/2021,717.4000244,418,2915,178.5
9/10/2021,683.2000122,399.6000061,2740,168.1499939
11/10/2021,662.4000244,351.2000122,2703,158
12/10/2021,735.4000244,351,2809,167.5
13/10/2021,682.2000122,371.2000122,2657,155.3000031
14/10/2021,683.2000122,369.6000061,2680,155.3000031
15/10/2021,689.4000244,370.3999939,2692,157.1999969
18/10/2021,677.7999878,369.3999939,2657,155.3999939
19/10/2021,680,372.7999878,2670,156.6000061
20/10/2021,671.4000244,372.6000061,2649,155.3000031
21/10/2021,650.7999878,362.2000122,2624,152.25
22/10/2021,642.5999756,363.6000061,2610,149.3999939
25/10/2021,646,366,2629,149.4499969
26/10/2021,666.7999878,371.2000122,2693,152.1499939
27/10/2021,675,375.2000122,2737,156.1999969
28/10/2021,668.2000122,363.6000061,2721,155.4499969
29/10/2021,663,356,2721,154.5500031
1/11/2021,701,312,2808,167.1000061
2/11/2021,679.2000122,310.3999939,2730,159.75
3/11/2021,760.2000122,380.2000122,2986,181.6499939
5/11/2021,753.7999878,416,3103,177
6/11/2021,731.2000122,427.3999939,3071,166.5
8/11/2021,721.7999878,424.2000122,2915,177.8500061
10/11/2021,638.2000122,360.6000061,2557,149.8500061
11/11/2021,677.5999756,348,2721,158.5
15/11/2021,685,342.2000122,2695,157.9499969
16/11/2021,683,343.2000122,2708,156.8999939
17/11/2021,669.4000244,334,2690,152.8999939
18/11/2021,693.5999756,351.2000122,2819,158.6499939
19/11/2021,684.5999756,350,2786,156.3500061
22/11/2021,685.4000244,349,2779,156.8500061
23/11/2021,702.2000122,352,2773,157.8000031
24/11/2021,709.2000122,345,2822,160.6499939
25/11/2021,714.4000244,346.3999939,2847,163
26/11/2021,687.4000244,328.2000122,2730,154.1999969
29/11/2021,692.7999878,329.3999939,2759,155.5
30/11/2021,697.4000244,320.2000122,2737,157.8999939
1/12/2021,690,309.2000122,2785,162.8500061
2/12/2021,680,310.3999939,2722,161.1499939
3/12/2021,749.7999878,384.2000122,2944,181.75
4/12/2021,780.7999878,412.2000122,3137,184.8500061
5/12/2021,753.2000122,420.2000122,3092,174.8999939
7/12/2021,696.7999878,419.3999939,2977,161.3500061
8/12/2021,718.7999878,416.7999878,2899,177.6000061
10/12/2021,641.7999878,357.7999878,2565,149.3999939
11/12/2021,685.7999878,347.2000122,2727,158.6999969
13/12/2021,730.7999878,342,2808,167.3000031
14/12/2021,729,344.7999878,2793,166.6999969
15/12/2021,723.2000122,345.2000122,2758,165.75
16/12/2021,720.5999756,350.7999878,2730,167.6000061
17/12/2021,720.5999756,355.6000061,2747,167.3500061
20/12/2021,703,344.3999939,2694,164
21/12/2021,724.7999878,356.2000122,2754,169.75
22/12/2021,740,362.2000122,2818,174.1000061
23/12/2021,738.5999756,368,2827,175.25
24/12/2021,738.5999756,367.6000061,2831,175.1999969
29/12/2021,749.2000122,372.6000061,2879,176.75
30/12/2021,745,369,2857,175.1999969
31/12/2021,748,372,2856,175.5
2/1/2022,613.4000244,321.3999939,2388,151.5
3/1/2022,565.2000122,286.2000122,2322,141.25
4/1/2022,518.2000122,269.6000061,2148,131.25
6/1/2022,500,262.3999939,2185,129.75
7/1/2022,459.3999939,247,1874,118
8/1/2022,505.6000061,280.3999939,1904,128
9/1/2022,415.2000122,222.6000061,1470,105
11/1/2022,381.2999878,203.3999939,1322,94.94000244
12/1/2022,405.5,232.6000061,1285,104.6500015
13/1/2022,684.7999878,342.2000122,2608,159.3500061
14/1/2022,677.4000244,337,2549,153.9499969
17/1/2022,679,340,2578,160.3999939
18/1/2022,673.4000244,339.6000061,2530,159
19/1/2022,674.7999878,347.6000061,2562,160.6000061
20/1/2022,679.5999756,342.2000122,2566,160.8999939
21/1/2022,674.4000244,329.7999878,2549,156.6499939
24/1/2022,614.4000244,311.3999939,2390,147.0500031
25/1/2022,604.2000122,306.3999939,2363,144.8999939
26/1/2022,609.4000244,311.3999939,2369,146.1499939
27/1/2022,602.4000244,306.3999939,2351,145.6999969
28/1/2022,605.5999756,306.7999878,2361,148
31/1/2022,611.5999756,321,2394,150.8000031
2/2/2022,629.4000244,330.7999878,2417,153.9499969
3/2/2022,578.7999878,292,2370,144.3500061
8/2/2022,477.5,266.6000061,1825,120.0500031
9/2/2022,410.1000061,220.3999939,1442,104.8000031
11/2/2022,381.1000061,198.3999939,1321,94.55999756
12/2/2022,409.3999939,229.8000031,1295.5,104.9000015
14/2/2022,618.7999878,326.2000122,2445,152.25
15/2/2022,621,324.7999878,2470,152.1499939
16/2/2022,612.4000244,329,2444,152.75
17/2/2022,602.5999756,318.6000061,2408,148.75
18/2/2022,603,315,2414,148.4499969
21/2/2022,598.2000122,309.6000061,2408,148.5
22/2/2022,595.2000122,310.7999878,2405,149.5500031
23/2/2022,584.4000244,304.2000122,2382,148.4499969
24/2/2022,558,287.6000061,2274,141
25/2/2022,574.7999878,296.3999939,2325,143.6499939
28/2/2022,611,308.6000061,2413,150.25
2/3/2022,623.2000122,334.7999878,2396,152.3999939
3/3/2022,558,280.6000061,2340,138.5500031
5/3/2022,496.8999939,255,2133,129.4499969
8/3/2022,489.3999939,275.7999878,1875,126.6500015
10/3/2022,354.2000122,189.6000061,1277,90.41999817
11/3/2022,379.3999939,199.8999939,1295,93.40000153
14/3/2022,561.2000122,295.7999878,2292,139.6999969
15/3/2022,548.4000244,287.3999939,2228,136.5
16/3/2022,567.4000244,299,2302,142.3999939
17/3/2022,560.4000244,287.3999939,2276,142.75
18/3/2022,560.5999756,295.3999939,2273,145.75
21/3/2022,561.7999878,289,2264,143.0500031
22/3/2022,559.5999756,293.6000061,2283,144.25
23/3/2022,536.5999756,291.7999878,2227,138.5500031
24/3/2022,525.5999756,283.6000061,2192,137.3500061
25/3/2022,509.6000061,273,2096,132.3500061
28/3/2022,511.6000061,271,2093,132.8000031
29/3/2022,526.7999878,273.7999878,2163,136.1000061
30/3/2022,523,271.3999939,2147,134.8999939
31/3/2022,522.4000244,267.3999939,2151,130.6999969
1/4/2022,760,375.3999939,2883,178
2/4/2022,613,327.3999939,2361,149.3500061
3/4/2022,543.7999878,269,2298,133.1000061
4/4/2022,533.5999756,276.6000061,2210,134.8000031
5/4/2022,484.3999939,252.3999939,2094,126.3499985
7/4/2022,460,245.6000061,1892.5,118.4499969
8/4/2022,492.3999939,277.6000061,1889.5,127.8499985
10/4/2022,362.7000122,200.3999939,1303.5,94.58000183
11/4/2022,388.6000061,210.3999939,1330,96.55999756
13/4/2022,502.6000061,268,2136,129.6000061
14/4/2022,508.6000061,268.2000122,2170,131.8999939
19/4/2022,515.2000122,265.6000061,2185,132.1000061
20/4/2022,517.4000244,262.3999939,2215,132
21/4/2022,526,266.3999939,2247,134.5
22/4/2022,518.4000244,262.6000061,2215,131.6499939
25/4/2022,510.2000122,256,2194,128.0500031
26/4/2022,508.2000122,256,2180,128.75
27/4/2022,490.6000061,249.1999969,2076,124.8499985
28/4/2022,493.1000061,250,2090,127.5999985
29/4/2022,494.5,253.1999969,2100,126.9000015
1/5/2022,757.5999756,370.3999939,2877,177.8999939
4/5/2022,519.5999756,269,2212,133.8999939
5/5/2022,488.1000061,251.6000061,2095,126.5500031
7/5/2022,448.5,240.1999969,1836,113.8000031
8/5/2022,483.3999939,274,1850.5,123.1500015
9/5/2022,408.6000061,221.3999939,1452,104
10/5/2022,352.8999939,194.8000031,1266.5,92.76000214
12/5/2022,405.6000061,230.1999969,1276.5,104.0500031
13/5/2022,484.7999878,244,2111,125.5
16/5/2022,479.7000122,241,2105,125.1500015
17/5/2022,487.7999878,242.6000061,2141,127.25
18/5/2022,485.7999878,244.3999939,2116,125.75
19/5/2022,480.2999878,239.3999939,2083,125.0500031
20/5/2022,488.8999939,243.1999969,2120,127.25
23/5/2022,496.7999878,248.6000061,2146,127.5999985
24/5/2022,490.2000122,245.1999969,2151,125.8000031
25/5/2022,494.2000122,245.6000061,2161,127.1500015
26/5/2022,506.6000061,251,2242,131.1499939
27/5/2022,503.6000061,256.2000122,2237,130.25
30/5/2022,514,261.3999939,2254,132.4499969
31/5/2022,504.7999878,261,2177,130.1000061
1/6/2022,739.4000244,361,2800,174.6000061
4/6/2022,530.4000244,276.2000122,2237,133.3999939
5/6/2022,470.1000061,239.3999939,2039,123.4499969
6/6/2022,510.3999939,268.7999878,2246,131.3000031
7/6/2022,459.7000122,238.6000061,1865,115.4499969
9/6/2022,422.2000122,227.1999969,1497,108
10/6/2022,352,196.1999969,1262,93.01999664
12/6/2022,404.7999878,229.3999939,1270,104
13/6/2022,475.7000122,255,2118,122.1500015
14/6/2022,487.2000122,283.6000061,2150,124.6999969
15/6/2022,499.7000122,280.3999939,2195,127.4000015
16/6/2022,476.1000061,262,1932,120.1500015
17/6/2022,471.8999939,255.1999969,1937.5,120.8499985
20/6/2022,454.3999939,253.6000061,1851,116.9499969
21/6/2022,460,249.1999969,1850,117.3000031
22/6/2022,459.7999878,244.6000061,1808,116.5
23/6/2022,457.8999939,244.1999969,1826,116.8499985
24/6/2022,472.1000061,252,1871.5,118.4000015
27/6/2022,476,254.1999969,1894.5,119.3000031
28/6/2022,483.3999939,256.7999878,1909,120.6999969
29/6/2022,476,253,1915,118.4499969
30/6/2022,457.3999939,243.3999939,1863,116.6500015
1/7/2022,735.4000244,358.2000122,2794,172.9499969
2/7/2022,620.7999878,322.7999878,2401,150.1000061
3/7/2022,541,266.6000061,2310,130.5500031
4/7/2022,507.7999878,268.3999939,2171,129.6499939
6/7/2022,506,269.6000061,2230,130.3999939
7/7/2022,457.1000061,238,1772.5,114.8499985
9/7/2022,414.1000061,224.1999969,1470,106.5
10/7/2022,340,191,1216,89.44000244
11/7/2022,385.7000122,213.3999939,1323,96.48000336
12/7/2022,406.3999939,230.3999939,1271,103.5
13/7/2022,465.2000122,242.1999969,1766.5,115.1999969
14/7/2022,458.3999939,238.6000061,1732,113.3499985
15/7/2022,471,248.3999939,1761.5,117.1999969
18/7/2022,481.8999939,254.1999969,1776,119.25
19/7/2022,485,257.3999939,1811.5,120.6500015
20/7/2022,487.2999878,257.6000061,1799,122.25
21/7/2022,500.2000122,265.2000122,1844,125.9000015
22/7/2022,499.7999878,266,1857.5,126.1999969
25/7/2022,502.7999878,269,1876,127
26/7/2022,494.3999939,264.6000061,1844,123.5
27/7/2022,494.3999939,268.6000061,1855,124
28/7/2022,502,273.2000122,1882,126.4000015
29/7/2022,501,275.6000061,1884,127.0999985
2/8/2022,627.4000244,327,2436,151
3/8/2022,531.7999878,275,2278,127.9000015
4/8/2022,519.7999878,273.2000122,2192,132.8000031
6/8/2022,507.7999878,267.7999878,2218,130.1499939
7/8/2022,456.5,236.8000031,1776.5,112.9499969
8/8/2022,487.7999878,275.2000122,1864.5,125.1999969
9/8/2022,410.5,225.1999969,1464.5,105.6500015
11/8/2022,386,215.8000031,1254,95.95999908
12/8/2022,403.6000061,225.8000031,1273,102.75
15/8/2022,486.8999939,276.7999878,1855.5,124.3499985
16/8/2022,482,276.2000122,1849,122.9000015
17/8/2022,463.7000122,266.6000061,1704,119.0999985
18/8/2022,471.1000061,268.2000122,1741,121.1999969
19/8/2022,462.5,263,1670,119.0500031
22/8/2022,450.1000061,257,1618,115
23/8/2022,443.3999939,249.3999939,1582.5,113.0999985
24/8/2022,435.7000122,246.6000061,1544,110.9499969
25/8/2022,430.1000061,239.3999939,1485,109.8499985
26/8/2022,429.8999939,236.1999969,1497.5,109.5
30/8/2022,432.7999878,237.3999939,1500.5,110.1999969
31/8/2022,427.2999878,234.3999939,1476,108.3000031
2/9/2022,633.4000244,333.2000122,2472,153.6499939
3/9/2022,548.5999756,288,2335,133.6999969
5/9/2022,459.1000061,233,2032,120.25
6/9/2022,503.6000061,270.3999939,2193,128.8500061
8/9/2022,478.1000061,273,1825.5,122.8000031
9/9/2022,422.2000122,225.6000061,1502,108.3499985
