Date,Open,High,Low,Close,Adj Close,Volume
2/1/2018,7687.799805,7691.299805,7624.100098,7648.100098,7648.100098,576251800
3/1/2018,7648.100098,7689.899902,7640.5,7671.100098,7671.100098,571662800
4/1/2018,7671.100098,7702.5,7671.100098,7695.899902,7695.899902,705864000
5/1/2018,7695.899902,7727.700195,7689.799805,7724.200195,7724.200195,636035700
8/1/2018,7724.200195,7733.399902,7691.799805,7696.5,7696.5,635135400
9/1/2018,7696.5,7733.100098,7696.5,7731,7731,709674500
10/1/2018,7731,7756.100098,7716.200195,7748.5,7748.5,861758600
11/1/2018,7748.5,7769,7734.600098,7762.899902,7762.899902,982791800
12/1/2018,7762.899902,7792.600098,7752.600098,7778.600098,7778.600098,1133867000
15/1/2018,7778.600098,7783.600098,7763.399902,7769.100098,7769.100098,551904700
16/1/2018,7769.100098,7791.799805,7740.600098,7755.899902,7755.899902,824367900
17/1/2018,7755.899902,7755.899902,7711.100098,7725.399902,7725.399902,822508200
18/1/2018,7725.399902,7739.5,7683.700195,7701,7701,765527900
19/1/2018,7701,7731.799805,7694.700195,7730.799805,7730.799805,795594100
22/1/2018,7730.799805,7739.399902,7703.700195,7715.399902,7715.399902,730171300
23/1/2018,7715.399902,7745.200195,7710,7731.799805,7731.799805,742420200
24/1/2018,7731.799805,7732,7643.399902,7643.399902,7643.399902,746643300
25/1/2018,7643.399902,7662.399902,7608.5,7615.799805,7615.799805,713251600
26/1/2018,7615.799805,7667.399902,7615.799805,7665.5,7665.5,713831300
29/1/2018,7665.5,7689.200195,7663.899902,7671.5,7671.5,612924000
30/1/2018,7671.5,7671.700195,7587.100098,7588,7588,798999000
31/1/2018,7588,7599,7521.799805,7533.600098,7533.600098,880751700
1/2/2018,7533.600098,7554.700195,7476.5,7490.399902,7490.399902,872509100
2/2/2018,7490.399902,7494.799805,7432.299805,7443.399902,7443.399902,871574000
5/2/2018,7443.399902,7443.399902,7334.799805,7335,7335,888994600
6/2/2018,7335,7335,7079.399902,7141.399902,7141.399902,1354591000
7/2/2018,7141.399902,7311.5,7141.399902,7279.399902,7279.399902,1027400300
8/2/2018,7279.399902,7279.399902,7161.299805,7170.700195,7170.700195,973611300
9/2/2018,7170.700195,7170.700195,7073,7092.399902,7092.399902,927291900
12/2/2018,7092.399902,7199.899902,7092.399902,7177.100098,7177.100098,718740600
13/2/2018,7177.100098,7203,7165.799805,7168,7168,718988800
14/2/2018,7168,7243.200195,7145.700195,7214,7214,940537000
15/2/2018,7214,7268,7206.700195,7234.799805,7234.799805,747830200
16/2/2018,7234.799805,7308,7234.799805,7294.700195,7294.700195,651756200
19/2/2018,7294.700195,7306.200195,7240,7247.700195,7247.700195,511199000
20/2/2018,7247.700195,7264.799805,7202.100098,7246.799805,7246.799805,679057900
21/2/2018,7246.799805,7291.799805,7220.600098,7281.600098,7281.600098,902872700
22/2/2018,7281.600098,7281.600098,7187.799805,7252.399902,7252.399902,926221400
23/2/2018,7252.399902,7262.100098,7220.799805,7244.399902,7244.399902,674864300
26/2/2018,7244.399902,7313,7244.299805,7289.600098,7289.600098,585774600
27/2/2018,7289.600098,7326,7272.899902,7282.5,7282.5,718147000
28/2/2018,7282.5,7293.399902,7231.899902,7231.899902,7231.899902,919954800
1/3/2018,7231.899902,7231.899902,7153.399902,7175.600098,7175.600098,859756500
2/3/2018,7175.600098,7175.600098,7063.399902,7069.899902,7069.899902,910442200
5/3/2018,7069.899902,7119.200195,7062.100098,7116,7116,941867700
6/3/2018,7116,7197.799805,7115.600098,7146.799805,7146.799805,786141900
7/3/2018,7146.799805,7180.700195,7109.600098,7157.799805,7157.799805,862383600
8/3/2018,7157.799805,7212.100098,7145.700195,7203.200195,7203.200195,712676800
9/3/2018,7203.200195,7225.299805,7189.700195,7224.5,7224.5,651119000
12/3/2018,7224.5,7254.899902,7198.200195,7214.799805,7214.799805,613077900
13/3/2018,7214.799805,7224.100098,7125.600098,7138.799805,7138.799805,766738500
14/3/2018,7138.799805,7176.5,7122.799805,7132.700195,7132.700195,752181500
15/3/2018,7132.700195,7162.600098,7127.100098,7139.799805,7139.799805,808062300
16/3/2018,7139.799805,7187.299805,7131.299805,7164.100098,7164.100098,1380663300
19/3/2018,7164.100098,7164.200195,7034.899902,7042.899902,7042.899902,728214400
20/3/2018,7042.899902,7081.5,7042.600098,7061.299805,7061.299805,742142200
21/3/2018,7061.299805,7065.700195,7016.799805,7039,7039,762202300
22/3/2018,7039,7039,6914.5,6952.600098,6952.600098,861231600
23/3/2018,6952.600098,6952.799805,6877,6921.899902,6921.899902,879273700
26/3/2018,6921.899902,6958.5,6866.899902,6888.700195,6888.700195,765318100
27/3/2018,6888.700195,7042.399902,6888.700195,7000.100098,7000.100098,690975500
28/3/2018,7000.100098,7044.700195,6923.299805,7044.700195,7044.700195,763193100
29/3/2018,7044.700195,7109.899902,7042.700195,7056.600098,7056.600098,876227900
3/4/2018,7056.600098,7065,6996.799805,7030.5,7030.5,790532700
4/4/2018,7030.5,7046.299805,6971.799805,7034,7034,794337900
5/4/2018,7034,7199.5,7034,7199.5,7199.5,794899100
6/4/2018,7199.5,7214,7163.100098,7183.600098,7183.600098,656250500
9/4/2018,7183.600098,7209.700195,7145.600098,7194.799805,7194.799805,671088200
10/4/2018,7194.799805,7266.799805,7194.799805,7266.799805,7266.799805,755081700
11/4/2018,7266.799805,7270.299805,7243.299805,7257.100098,7257.100098,766200800
12/4/2018,7257.100098,7266.600098,7240.799805,7258.299805,7258.299805,666773400
13/4/2018,7258.299805,7275,7249.100098,7264.600098,7264.600098,662868400
16/4/2018,7264.600098,7265.799805,7195.5,7198.200195,7198.200195,862881700
17/4/2018,7198.200195,7240.399902,7189.899902,7226.100098,7226.100098,714046100
18/4/2018,7226.100098,7325.600098,7226.100098,7317.299805,7317.299805,877056200
19/4/2018,7317.299805,7340.700195,7309.399902,7328.899902,7328.899902,788416300
20/4/2018,7328.899902,7368.200195,7323.299805,7368.200195,7368.200195,769512800
23/4/2018,7368.200195,7404.100098,7359.700195,7398.899902,7398.899902,777571800
24/4/2018,7398.899902,7439.600098,7397.299805,7425.399902,7425.399902,836399400
25/4/2018,7425.399902,7427.100098,7334.600098,7379.299805,7379.299805,879795200
26/4/2018,7379.299805,7421.399902,7355,7421.399902,7421.399902,814899700
27/4/2018,7421.399902,7507.100098,7421.299805,7502.200195,7502.200195,750485000
30/4/2018,7502.200195,7546.200195,7497.100098,7509.299805,7509.299805,991178200
1/5/2018,7509.299805,7549.100098,7506.600098,7520.399902,7520.399902,567569600
2/5/2018,7520.399902,7573,7519.600098,7543.200195,7543.200195,829699300
3/5/2018,7543.200195,7555.200195,7492.399902,7502.700195,7502.700195,723643100
4/5/2018,7502.700195,7570.200195,7502.700195,7567.100098,7567.100098,880646600
8/5/2018,7567.100098,7598.5,7550.399902,7565.799805,7565.799805,876829900
9/5/2018,7565.799805,7662.5,7565.799805,7662.5,7662.5,891351200
10/5/2018,7662.5,7706.899902,7631.600098,7701,7701,878774100
11/5/2018,7701,7728.899902,7691.700195,7724.600098,7724.600098,731924200
14/5/2018,7724.600098,7728,7688.600098,7711,7711,749899600
15/5/2018,7711,7752,7687.5,7723,7723,1027698700
16/5/2018,7723,7745.5,7717.799805,7734.200195,7734.200195,933498300
17/5/2018,7734.200195,7788.200195,7713.899902,7788,7788,781296600
18/5/2018,7788,7791.399902,7753.299805,7778.799805,7778.799805,899946200
21/5/2018,7778.799805,7868.100098,7778.100098,7859.200195,7859.200195,691927400
22/5/2018,7859.200195,7903.5,7854.600098,7877.5,7877.5,807636300
23/5/2018,7877.5,7877.5,7765.299805,7788.399902,7788.399902,918822700
24/5/2018,7788.399902,7803.5,7716.700195,7716.700195,7716.700195,890463600
25/5/2018,7716.700195,7753.299805,7703.299805,7730.299805,7730.299805,844360200
29/5/2018,7730.299805,7730.299805,7610.700195,7632.600098,7632.600098,1288493000
30/5/2018,7632.600098,7689.600098,7618.100098,7689.600098,7689.600098,923820700
31/5/2018,7689.600098,7727.5,7651.100098,7678.200195,7678.200195,1549063100
1/6/2018,7678.200195,7746.700195,7678.200195,7701.799805,7701.799805,783469400
4/6/2018,7701.799805,7772.100098,7701.700195,7741.299805,7741.299805,722966000
5/6/2018,7741.299805,7744.5,7686.600098,7686.799805,7686.799805,933666200
6/6/2018,7686.799805,7730.5,7671.600098,7712.399902,7712.399902,884617800
7/6/2018,7712.399902,7756.700195,7698.200195,7704.399902,7704.399902,1056744900
8/6/2018,7704.399902,7714.299805,7637.5,7681.100098,7681.100098,755489900
11/6/2018,7681.100098,7756,7681.100098,7737.399902,7737.399902,736070400
12/6/2018,7737.399902,7762.799805,7701.299805,7703.799805,7703.799805,773837800
13/6/2018,7703.799805,7746.700195,7677.200195,7703.700195,7703.700195,852427100
14/6/2018,7703.700195,7793.5,7650.200195,7765.799805,7765.799805,1119081700
15/6/2018,7765.799805,7781,7633.899902,7633.899902,7633.899902,1711560200
18/6/2018,7633.899902,7645.5,7601.600098,7631.299805,7631.299805,664167900
19/6/2018,7631.299805,7631.299805,7548.799805,7603.899902,7603.899902,897872000
20/6/2018,7603.899902,7705.200195,7603.899902,7627.399902,7627.399902,844000100
21/6/2018,7627.399902,7670.799805,7548.100098,7556.399902,7556.399902,777562300
22/6/2018,7556.399902,7689.399902,7556.200195,7682.299805,7682.299805,716273100
25/6/2018,7682.299805,7682.299805,7508.299805,7509.799805,7509.799805,791358000
26/6/2018,7509.799805,7564.100098,7509.799805,7537.899902,7537.899902,1088107300
27/6/2018,7537.899902,7633.899902,7512,7621.700195,7621.700195,1643638600
28/6/2018,7621.700195,7632.200195,7576,7615.600098,7615.600098,790762300
29/6/2018,7615.600098,7706.600098,7615.600098,7636.899902,7636.899902,898931000
2/7/2018,7636.899902,7636.899902,7540.700195,7547.899902,7547.899902,778437000
3/7/2018,7547.899902,7632.100098,7545,7593.299805,7593.299805,1015952400
4/7/2018,7593.299805,7593.299805,7560.799805,7573.100098,7573.100098,574163100
5/7/2018,7573.100098,7624.799805,7572.700195,7603.200195,7603.200195,614456600
6/7/2018,7603.200195,7631.200195,7569.700195,7617.700195,7617.700195,663475300
9/7/2018,7617.700195,7697.5,7617.700195,7688,7688,676761100
10/7/2018,7688,7715.100098,7677.100098,7692,7692,701511200
11/7/2018,7692,7692,7578.200195,7592,7592,793208100
12/7/2018,7592,7663,7592,7651.299805,7651.299805,746183900
13/7/2018,7651.299805,7716.200195,7651.299805,7661.899902,7661.899902,574401200
16/7/2018,7661.899902,7667.700195,7565,7600.5,7600.5,591161000
17/7/2018,7600.5,7641.100098,7581.799805,7626.299805,7626.299805,724367500
18/7/2018,7626.299805,7685.700195,7625.799805,7676.299805,7676.299805,651377100
19/7/2018,7676.299805,7702.899902,7660,7684,7684,695398600
20/7/2018,7684,7705.799805,7631.700195,7678.799805,7678.799805,685061200
23/7/2018,7678.799805,7678.799805,7621.799805,7655.799805,7655.799805,573514400
24/7/2018,7655.799805,7740.600098,7648.600098,7709.100098,7709.100098,852532800
25/7/2018,7709.100098,7710.299805,7640.600098,7658.299805,7658.299805,677528100
26/7/2018,7658.299805,7684.700195,7640.899902,7663.200195,7663.200195,588851200
27/7/2018,7663.200195,7717.200195,7663.200195,7701.299805,7701.299805,765238000
30/7/2018,7701.299805,7718.100098,7659.899902,7700.899902,7700.899902,732990700
31/7/2018,7700.899902,7782.899902,7695.799805,7748.799805,7748.799805,915075400
1/8/2018,7748.799805,7751.100098,7634.700195,7652.899902,7652.899902,975009600
2/8/2018,7652.899902,7652.899902,7549.299805,7575.899902,7575.899902,1006803400
3/8/2018,7575.899902,7665.200195,7575.899902,7659.100098,7659.100098,649947700
6/8/2018,7659.100098,7681.899902,7636.600098,7663.799805,7663.799805,813731500
7/8/2018,7663.799805,7752.100098,7663.200195,7718.5,7718.5,675716300
8/8/2018,7718.5,7790.200195,7707.299805,7776.700195,7776.700195,604063500
9/8/2018,7776.700195,7776.799805,7714.5,7741.799805,7741.799805,565689200
10/8/2018,7741.799805,7741.799805,7657.700195,7667,7667,664153400
13/8/2018,7667,7667.299805,7614.5,7642.5,7642.5,595242100
14/8/2018,7642.5,7665.200195,7599.700195,7611.600098,7611.600098,763645300
15/8/2018,7611.600098,7632.100098,7477.100098,7497.899902,7497.899902,967014400
16/8/2018,7497.899902,7565.200195,7497.899902,7556.399902,7556.399902,771423800
17/8/2018,7556.399902,7577.700195,7514.299805,7558.600098,7558.600098,602739600
20/8/2018,7558.600098,7616.200195,7558.600098,7591.299805,7591.299805,559541000
21/8/2018,7591.299805,7601.700195,7557.299805,7565.700195,7565.700195,543548500
22/8/2018,7565.700195,7607.200195,7531.200195,7574.200195,7574.200195,611259200
23/8/2018,7574.200195,7602.100098,7560.899902,7563.200195,7563.200195,574932100
24/8/2018,7563.200195,7587.200195,7557.700195,7577.5,7577.5,507869800
28/8/2018,7577.5,7636.700195,7577.5,7617.200195,7617.200195,585715100
29/8/2018,7617.200195,7635.700195,7545.100098,7563.200195,7563.200195,688677800
30/8/2018,7563.200195,7563.200195,7497.5,7516,7516,623166000
31/8/2018,7516,7516.5,7428.700195,7432.399902,7432.399902,812932000
3/9/2018,7432.399902,7516.100098,7432.200195,7504.600098,7504.600098,455166900
4/9/2018,7504.600098,7535.100098,7437.700195,7457.899902,7457.899902,652803100
5/9/2018,7457.899902,7457.899902,7358,7383.299805,7383.299805,769494800
6/9/2018,7383.299805,7397.700195,7313.100098,7319,7319,723693100
7/9/2018,7319,7328.299805,7227.100098,7277.700195,7277.700195,863004900
10/9/2018,7277.700195,7307.899902,7256.5,7279.299805,7279.299805,696321800
11/9/2018,7279.299805,7280.5,7220.5,7273.5,7273.5,644115800
12/9/2018,7273.5,7325.299805,7250.799805,7313.399902,7313.399902,677165600
13/9/2018,7313.399902,7319.600098,7275.100098,7281.600098,7281.600098,660719700
14/9/2018,7281.600098,7323.799805,7281.600098,7304,7304,577288900
17/9/2018,7304,7318.799805,7267.799805,7302.100098,7302.100098,620997300
18/9/2018,7302.100098,7320.100098,7282,7300.200195,7300.200195,700366200
19/9/2018,7300.200195,7346.100098,7279.899902,7331.100098,7331.100098,762448100
20/9/2018,7331.100098,7368.399902,7324,7367.299805,7367.299805,864910500
21/9/2018,7367.299805,7495.299805,7367.299805,7490.200195,7490.200195,1504423700
24/9/2018,7490.200195,7491.299805,7450.5,7458.399902,7458.399902,689612600
25/9/2018,7458.399902,7515.899902,7455.200195,7507.600098,7507.600098,767955100
26/9/2018,7507.600098,7522.100098,7490.200195,7511.5,7511.5,672358800
27/9/2018,7511.5,7552,7490.899902,7545.399902,7545.399902,646428000
28/9/2018,7545.399902,7548.399902,7474.700195,7510.200195,7510.200195,915815000
1/10/2018,7510.200195,7526.200195,7466.700195,7495.700195,7495.700195,728276800
2/10/2018,7495.700195,7495.700195,7444.799805,7474.600098,7474.600098,817840400
3/10/2018,7474.600098,7524.100098,7474.600098,7510.299805,7510.299805,824628100
4/10/2018,7510.299805,7510.299805,7411.299805,7418.299805,7418.299805,801963200
5/10/2018,7418.299805,7421.100098,7318.5,7318.5,7318.5,743757800
8/10/2018,7318.5,7319.799805,7233.299805,7233.299805,7233.299805,675287300
9/10/2018,7233.299805,7247.600098,7184.299805,7237.600098,7237.600098,765996800
10/10/2018,7237.600098,7242.299805,7145.700195,7145.700195,7145.700195,1029488500
11/10/2018,7145.700195,7145.700195,6998,7006.899902,7006.899902,1172373200
12/10/2018,7006.899902,7074,6994.799805,6995.899902,6995.899902,876577500
15/10/2018,6995.899902,7038.200195,6961.299805,7029.200195,7029.200195,657640100
16/10/2018,7029.200195,7062.100098,6998.899902,7059.399902,7059.399902,766800500
17/10/2018,7059.399902,7089,7019.399902,7054.600098,7054.600098,685937100
18/10/2018,7054.600098,7078.799805,7026.700195,7027,7027,672072000
19/10/2018,7027,7070.399902,7012.600098,7049.799805,7049.799805,793925800
22/10/2018,7049.799805,7114.100098,7042.100098,7042.799805,7042.799805,784032400
23/10/2018,7042.799805,7042.799805,6928.700195,6955.200195,6955.200195,983305900
24/10/2018,6955.200195,7049.799805,6955.200195,6963,6963,778187100
25/10/2018,6963,7004.100098,6886,7004.100098,7004.100098,831568200
26/10/2018,7004.100098,7004.200195,6851.600098,6939.600098,6939.600098,779028300
29/10/2018,6939.600098,7085.899902,6939.600098,7026.299805,7026.299805,780563900
30/10/2018,7026.299805,7060.100098,6983.700195,7035.899902,7035.899902,751498500
31/10/2018,7035.899902,7161.5,7035.899902,7128.100098,7128.100098,895391200
1/11/2018,7128.100098,7165.600098,7085.700195,7114.700195,7114.700195,1024684600
2/11/2018,7114.700195,7196.399902,7094.100098,7094.100098,7094.100098,800219300
5/11/2018,7094.100098,7140.399902,7077.399902,7103.799805,7103.799805,553382600
6/11/2018,7103.799805,7117.5,7027.5,7040.700195,7040.700195,646543100
7/11/2018,7040.700195,7136.799805,7040.700195,7117.299805,7117.299805,678581300
8/11/2018,7117.299805,7171.700195,7115,7140.700195,7140.700195,676867200
9/11/2018,7140.700195,7140.700195,7070.799805,7105.299805,7105.299805,652724100
12/11/2018,7105.299805,7186.299805,7053.100098,7053.100098,7053.100098,708713400
13/11/2018,7053.100098,7104,7016.600098,7053.799805,7053.799805,1048825300
14/11/2018,7053.799805,7113.600098,6979.700195,7033.799805,7033.799805,925587100
15/11/2018,7033.799805,7081.899902,6979.600098,7038,7038,1257540400
16/11/2018,7038,7092.399902,6969,7013.899902,7013.899902,1010040200
19/11/2018,7013.899902,7070.5,6997.799805,7000.899902,7000.899902,776442400
20/11/2018,7000.899902,7010.100098,6904.200195,6947.899902,6947.899902,826183700
21/11/2018,6947.899902,7058.600098,6947.899902,7050.200195,7050.200195,841306700
22/11/2018,7050.200195,7050.399902,6945,6960.299805,6960.299805,763217400
23/11/2018,6960.299805,6987.5,6912.299805,6952.899902,6952.899902,686823000
26/11/2018,6952.899902,7051,6952.899902,7036,7036,802145500
27/11/2018,7036,7043.700195,6984,7016.899902,7016.899902,829960500
28/11/2018,7016.899902,7057,6987.299805,7004.5,7004.5,800840600
29/11/2018,7004.5,7078.399902,7004.5,7039,7039,777115000
30/11/2018,7039,7042.100098,6965.600098,6980.200195,6980.200195,1189062500
3/12/2018,6980.200195,7145.5,6980.200195,7062.399902,7062.399902,864783000
4/12/2018,7062.399902,7095,7002.700195,7022.799805,7022.799805,822570700
5/12/2018,7022.799805,7028.700195,6921.799805,6921.799805,6921.799805,789059300
6/12/2018,6921.799805,6921.799805,6673.600098,6704.100098,6704.100098,1029779500
7/12/2018,6704.100098,6868.299805,6704.100098,6778.100098,6778.100098,819982500
10/12/2018,6778.100098,6815.799805,6719.200195,6721.5,6721.5,864359000
11/12/2018,6721.5,6857.600098,6721.5,6806.899902,6806.899902,841263500
12/12/2018,6806.899902,6902.200195,6806.899902,6880.200195,6880.200195,1063865300
13/12/2018,6880.200195,6908.5,6849,6877.5,6877.5,735372600
14/12/2018,6877.5,6877.5,6788.700195,6845.200195,6845.200195,714141000
17/12/2018,6845.200195,6845.200195,6761.399902,6773.200195,6773.200195,734851100
18/12/2018,6773.200195,6773.200195,6701.600098,6701.600098,6701.600098,855040800
19/12/2018,6701.600098,6785.200195,6698.200195,6765.899902,6765.899902,754065600
20/12/2018,6765.899902,6765.899902,6646.5,6711.899902,6711.899902,903273100
21/12/2018,6711.899902,6733,6653.700195,6721.200195,6721.200195,1596669300
24/12/2018,6721.200195,6721.200195,6661,6686,6686,192808000
27/12/2018,6686,6728.5,6536.5,6584.700195,6584.700195,590127000
28/12/2018,6584.700195,6742.5,6584.700195,6734,6734,499812000
31/12/2018,6734,6752.5,6718.299805,6728.100098,6728.100098,225303900
2/1/2019,6728.100098,6753.299805,6599.5,6734.200195,6734.200195,614252000
3/1/2019,6734.200195,6753.100098,6685.100098,6692.700195,6692.700195,674099100
4/1/2019,6692.700195,6850.399902,6692.5,6837.399902,6837.399902,639136700
7/1/2019,6837.399902,6874.100098,6778,6810.899902,6810.899902,736559900
8/1/2019,6810.899902,6901.5,6804.899902,6861.600098,6861.600098,651977000
9/1/2019,6861.600098,6938.299805,6861.600098,6906.600098,6906.600098,860684900
10/1/2019,6906.600098,6948.200195,6860.799805,6942.899902,6942.899902,611434300
11/1/2019,6942.899902,7001.899902,6902.700195,6918.200195,6918.200195,680478600
14/1/2019,6918.200195,6918.200195,6841.700195,6855,6855,683449700
15/1/2019,6855,6910.5,6849.600098,6895,6895,687341200
16/1/2019,6895,6912.399902,6848.600098,6862.700195,6862.700195,787626400
17/1/2019,6862.700195,6862.700195,6799,6834.899902,6834.899902,582654200
18/1/2019,6834.899902,6984.399902,6834.899902,6968.299805,6968.299805,795742900
21/1/2019,6968.299805,6987.899902,6954.5,6970.600098,6970.600098,474827100
22/1/2019,6970.600098,6970.600098,6880.700195,6901.399902,6901.399902,565967800
23/1/2019,6901.399902,6901.600098,6834.299805,6842.899902,6842.899902,646039700
24/1/2019,6842.899902,6854.600098,6802,6819,6819,599978600
25/1/2019,6819,6858.200195,6806.799805,6809.200195,6809.200195,727497200
28/1/2019,6809.200195,6812.5,6734,6747.100098,6747.100098,648213700
29/1/2019,6747.100098,6860.299805,6747.100098,6833.899902,6833.899902,697035900
30/1/2019,6833.899902,6967.700195,6833.899902,6941.600098,6941.600098,748772100
31/1/2019,6941.600098,6994.899902,6941.100098,6968.899902,6968.899902,866316300
1/2/2019,6968.899902,7024.5,6968.899902,7020.200195,7020.200195,630712300
4/2/2019,7020.200195,7046.600098,7002.399902,7034.100098,7034.100098,611990600
5/2/2019,7034.100098,7180.700195,7033.600098,7177.399902,7177.399902,662979300
6/2/2019,7177.399902,7184.200195,7146.700195,7173.100098,7173.100098,599487700
7/2/2019,7173.100098,7187.5,7093.600098,7093.600098,7093.600098,649638500
8/2/2019,7093.600098,7115.799805,7064.899902,7071.200195,7071.200195,532300500
11/2/2019,7071.200195,7149.200195,7071.200195,7129.100098,7129.100098,548318300
12/2/2019,7129.100098,7168.600098,7121.700195,7133.100098,7133.100098,526735100
13/2/2019,7133.100098,7205.100098,7133.100098,7190.799805,7190.799805,561646800
14/2/2019,7190.799805,7232.799805,7183,7197,7197,519107200
15/2/2019,7197,7261.600098,7185.200195,7236.700195,7236.700195,688422300
18/2/2019,7236.700195,7242.100098,7209.700195,7219.5,7219.5,440062500
19/2/2019,7219.5,7219.5,7162.799805,7179.200195,7179.200195,624124300
20/2/2019,7179.200195,7234.200195,7178,7228.600098,7228.600098,861254900
21/2/2019,7228.600098,7228.799805,7141.899902,7167.399902,7167.399902,798796000
22/2/2019,7167.399902,7220.5,7162.399902,7178.600098,7178.600098,646718000
25/2/2019,7178.600098,7210.700195,7158.200195,7183.700195,7183.700195,644937500
26/2/2019,7183.700195,7183.799805,7091.600098,7151.100098,7151.100098,865719700
27/2/2019,7151.100098,7151.100098,7082.600098,7107.200195,7107.200195,870721000
28/2/2019,7107.200195,7107.200195,7041,7074.700195,7074.700195,979616900
1/3/2019,7074.700195,7129.700195,7074.700195,7106.700195,7106.700195,700825200
4/3/2019,7106.700195,7166.200195,7106.700195,7134.399902,7134.399902,634698800
5/3/2019,7134.399902,7191.700195,7127.200195,7183.399902,7183.399902,795291200
6/3/2019,7183.399902,7211.799805,7170.299805,7196,7196,791979200
7/3/2019,7196,7196,7126.600098,7157.600098,7157.600098,691317400
8/3/2019,7157.600098,7157.600098,7077.899902,7104.299805,7104.299805,622101900
11/3/2019,7104.299805,7181.600098,7104.299805,7130.600098,7130.600098,674285200
12/3/2019,7130.600098,7166.600098,7083.200195,7151.200195,7151.200195,752033900
13/3/2019,7151.200195,7181.899902,7128.700195,7159.200195,7159.200195,744627600
14/3/2019,7159.200195,7215.5,7148.100098,7185.399902,7185.399902,791259700
15/3/2019,7185.399902,7243.799805,7185.399902,7228.299805,7228.299805,1335709200
18/3/2019,7228.299805,7299.200195,7228.200195,7299.200195,7299.200195,642988100
19/3/2019,7299.200195,7350.100098,7294.5,7324,7324,598904100
20/3/2019,7324,7341.600098,7291,7291,7291,748851100
21/3/2019,7291,7370.600098,7290.600098,7355.299805,7355.299805,709429100
22/3/2019,7355.299805,7356.399902,7192.799805,7207.600098,7207.600098,694767600
25/3/2019,7207.600098,7208.100098,7146.799805,7177.600098,7177.600098,586169600
26/3/2019,7177.600098,7221,7169.399902,7196.299805,7196.299805,629605500
27/3/2019,7196.299805,7222.600098,7160.100098,7194.200195,7194.200195,678742500
28/3/2019,7194.200195,7265.5,7190.899902,7234.299805,7234.299805,568044400
29/3/2019,7234.299805,7287.700195,7223.299805,7279.200195,7279.200195,794400900
1/4/2019,7279.200195,7352.200195,7279.200195,7317.399902,7317.399902,697005200
2/4/2019,7317.399902,7403.600098,7316.799805,7391.100098,7391.100098,720842000
3/4/2019,7391.100098,7418.299805,7380.899902,7418.299805,7418.299805,880770400
4/4/2019,7418.299805,7418.399902,7367.399902,7401.899902,7401.899902,675670900
5/4/2019,7401.899902,7461.399902,7400.799805,7446.899902,7446.899902,679960600
8/4/2019,7446.899902,7459.899902,7420.399902,7451.899902,7451.899902,571379100
9/4/2019,7451.899902,7477.600098,7413.299805,7425.600098,7425.600098,652297100
10/4/2019,7425.600098,7441.399902,7409.399902,7421.899902,7421.899902,569746800
11/4/2019,7421.899902,7441.899902,7383.5,7418,7418,629602900
12/4/2019,7418,7454.799805,7415,7437.100098,7437.100098,696895600
15/4/2019,7437.100098,7447.100098,7420.299805,7436.899902,7436.899902,511603500
16/4/2019,7436.899902,7485.899902,7436.899902,7469.899902,7469.899902,623807300
17/4/2019,7469.899902,7479,7445.100098,7471.299805,7471.299805,646326400
18/4/2019,7471.299805,7475.899902,7437.899902,7459.899902,7459.899902,520513300
23/4/2019,7459.899902,7528.899902,7459.899902,7523.100098,7523.100098,772087000
24/4/2019,7523.100098,7523.799805,7456.700195,7471.799805,7471.799805,682647400
25/4/2019,7471.799805,7473.299805,7406,7434.100098,7434.100098,674377600
26/4/2019,7434.100098,7442.200195,7398.600098,7428.200195,7428.200195,839779200
29/4/2019,7428.200195,7456.5,7406.5,7440.700195,7440.700195,491223900
30/4/2019,7440.700195,7451.299805,7394.100098,7418.200195,7418.200195,751088200
1/5/2019,7418.200195,7446.5,7379.700195,7385.299805,7385.299805,336726900
2/5/2019,7385.299805,7393.899902,7339.5,7351.299805,7351.299805,618376400
3/5/2019,7351.299805,7418.200195,7350,7380.600098,7380.600098,462290200
7/5/2019,7380.600098,7380.600098,7251,7260.5,7260.5,880585900
8/5/2019,7260.5,7278.299805,7222.899902,7271,7271,809211600
9/5/2019,7271,7271,7192.200195,7207.399902,7207.399902,854458400
10/5/2019,7207.399902,7268.200195,7189.899902,7203.299805,7203.299805,618170400
13/5/2019,7203.299805,7217.100098,7150.899902,7163.700195,7163.700195,773553600
14/5/2019,7163.700195,7241.600098,7163.700195,7241.600098,7241.600098,721546200
15/5/2019,7241.600098,7303.700195,7223.100098,7297,7297,811266000
16/5/2019,7297,7353.5,7265.799805,7353.5,7353.5,655973100
17/5/2019,7353.5,7354.200195,7307.299805,7348.600098,7348.600098,741020200
20/5/2019,7348.600098,7360.299805,7268.600098,7310.899902,7310.899902,732464200
21/5/2019,7310.899902,7370,7310.899902,7328.899902,7328.899902,749358400
22/5/2019,7328.899902,7373.299805,7313.600098,7334.200195,7334.200195,800943900
23/5/2019,7334.200195,7334.200195,7211.299805,7231,7231,795078400
24/5/2019,7231,7303,7231,7277.700195,7277.700195,633553800
28/5/2019,7277.700195,7314.899902,7262.799805,7269,7269,1155168300
29/5/2019,7269,7269,7151.399902,7185.299805,7185.299805,652877900
30/5/2019,7185.299805,7236.700195,7180.600098,7218.200195,7218.200195,638457200
31/5/2019,7218.200195,7218.200195,7130.899902,7161.700195,7161.700195,853980400
3/6/2019,7161.700195,7186.700195,7079.700195,7184.799805,7184.799805,711561100
4/6/2019,7184.799805,7224,7138.100098,7214.299805,7214.299805,829550400
5/6/2019,7216.700195,7259.200195,7201.399902,7220.200195,7220.200195,744999500
6/6/2019,7220.200195,7275.700195,7218.700195,7259.899902,7259.899902,621265600
7/6/2019,7259.899902,7347.399902,7258.200195,7331.899902,7331.899902,592558500
10/6/2019,7331.899902,7380.100098,7331.899902,7375.5,7375.5,447077300
11/6/2019,7375.5,7420.700195,7375.5,7398.5,7398.5,669773500
12/6/2019,7398.5,7398.5,7329.299805,7367.600098,7367.600098,800128100
13/6/2019,7367.600098,7398.600098,7351,7368.600098,7368.600098,608751100
14/6/2019,7368.600098,7368.799805,7316.399902,7345.799805,7345.799805,610719800
17/6/2019,7345.799805,7370.700195,7324.5,7357.299805,7357.299805,531721100
18/6/2019,7357.299805,7469.200195,7345.600098,7443,7443,798973400
19/6/2019,7443,7454.899902,7399.200195,7403.5,7403.5,751391800
20/6/2019,7403.5,7460.799805,7403.5,7424.399902,7424.399902,698596800
21/6/2019,7424.399902,7456.799805,7382.899902,7407.5,7407.5,1451918700
24/6/2019,7407.5,7435.5,7399.600098,7416.700195,7416.700195,627473100
25/6/2019,7416.700195,7429.700195,7373.200195,7422.399902,7422.399902,607355800
26/6/2019,7422.399902,7435.899902,7405.5,7416.399902,7416.399902,654431900
27/6/2019,7416.399902,7439.399902,7375.5,7402.299805,7402.299805,645884500
28/6/2019,7402.299805,7436.200195,7398.899902,7425.600098,7425.600098,708530400
1/7/2019,7425.600098,7530.200195,7425.600098,7497.5,7497.5,634652500
2/7/2019,7497.5,7565.299805,7497.5,7559.200195,7559.200195,556375200
3/7/2019,7559.200195,7621,7558.5,7609.299805,7609.299805,682521500
4/7/2019,7609.299805,7622.600098,7601.299805,7603.600098,7603.600098,487717900
5/7/2019,7603.600098,7603.600098,7541.899902,7553.100098,7553.100098,550648200
8/7/2019,7553.100098,7571.299805,7538.700195,7549.299805,7549.299805,538297100
9/7/2019,7549.299805,7553.299805,7517.899902,7536.5,7536.5,542926500
10/7/2019,7536.5,7559.100098,7515.600098,7530.700195,7530.700195,542296300
11/7/2019,7530.700195,7558.299805,7501.700195,7509.799805,7509.799805,593132000
12/7/2019,7509.799805,7537.100098,7493.799805,7506,7506,501138900
15/7/2019,7506,7548.299805,7487.399902,7531.700195,7531.700195,482521800
16/7/2019,7531.700195,7590.100098,7524.5,7577.200195,7577.200195,607182100
17/7/2019,7577.200195,7577.200195,7519.200195,7535.5,7535.5,576654300
18/7/2019,7535.5,7535.5,7482.600098,7493.100098,7493.100098,504046800
19/7/2019,7493.100098,7546.700195,7475.5,7508.700195,7508.700195,575615700
22/7/2019,7508.700195,7549.700195,7491.799805,7514.899902,7514.899902,513122700
23/7/2019,7514.899902,7598.600098,7514.899902,7556.899902,7556.899902,634924300
24/7/2019,7556.899902,7558,7479.100098,7501.5,7501.5,637416200
25/7/2019,7501.5,7542.600098,7462.700195,7489.100098,7489.100098,633546500
26/7/2019,7489.100098,7553.600098,7486.700195,7549.100098,7549.100098,775744000
29/7/2019,7549.100098,7711.299805,7548.899902,7686.600098,7686.600098,759258200
30/7/2019,7686.600098,7727.5,7643.700195,7646.799805,7646.799805,822322600
31/7/2019,7646.799805,7648.200195,7576.100098,7586.799805,7586.799805,1092686800
1/8/2019,7586.799805,7610,7535.899902,7584.899902,7584.899902,817813900
2/8/2019,7584.899902,7585.200195,7397.899902,7407.100098,7407.100098,1031592200
5/8/2019,7407.100098,7407.100098,7200.5,7223.899902,7223.899902,1243484900
6/8/2019,7223.899902,7241.600098,7167,7171.700195,7171.700195,791750700
7/8/2019,7171.700195,7237.899902,7153.899902,7198.700195,7198.700195,735519300
8/8/2019,7198.700195,7285.899902,7191.299805,7285.899902,7285.899902,726060600
9/8/2019,7285.899902,7297.299805,7237.100098,7253.899902,7253.899902,794807200
12/8/2019,7253.899902,7305.600098,7207.5,7226.700195,7226.700195,585461200
13/8/2019,7226.700195,7281.100098,7166.899902,7250.899902,7250.899902,698409600
14/8/2019,7250.899902,7268.700195,7112.100098,7147.899902,7147.899902,811517700
15/8/2019,7147.899902,7148.799805,7020.200195,7067,7067,877816600
16/8/2019,7067,7125.899902,7067,7117.200195,7117.200195,651943200
19/8/2019,7117.200195,7214.200195,7117.200195,7189.700195,7189.700195,612867100
20/8/2019,7189.700195,7231.700195,7121.200195,7125,7125,766076800
21/8/2019,7125,7215.5,7122.100098,7204,7204,605372900
22/8/2019,7204,7204,7103.700195,7128.200195,7128.200195,653343400
23/8/2019,7128.200195,7188.600098,7095,7095,7095,643009300
27/8/2019,7095,7110.799805,7044.700195,7089.600098,7089.600098,851399100
28/8/2019,7089.600098,7131.200195,7050,7114.700195,7114.700195,675638900
29/8/2019,7114.700195,7199.200195,7103.100098,7184.299805,7184.299805,635681800
30/8/2019,7184.299805,7240.399902,7179.700195,7207.200195,7207.200195,727868800
2/9/2019,7207.200195,7315.299805,7206.899902,7281.899902,7281.899902,497764900
3/9/2019,7281.899902,7301.5,7239.100098,7268.200195,7268.200195,626095300
4/9/2019,7268.200195,7334.600098,7268.200195,7311.299805,7311.299805,677444300
5/9/2019,7311.299805,7330.700195,7250.600098,7271.200195,7271.200195,711302800
6/9/2019,7271.200195,7284.100098,7244.100098,7282.299805,7282.299805,692287900
9/9/2019,7282.299805,7325.200195,7206,7235.799805,7235.799805,794831900
10/9/2019,7235.799805,7270.5,7199.399902,7268,7268,1031549500
11/9/2019,7268,7346.700195,7268,7338,7338,829121400
12/9/2019,7338,7369.299805,7303.200195,7344.700195,7344.700195,725259800
13/9/2019,7344.700195,7380.299805,7318.200195,7367.5,7367.5,1003827600
16/9/2019,7367.5,7378.299805,7321.399902,7321.399902,7321.399902,908260500
17/9/2019,7321.399902,7350.200195,7292.200195,7320.399902,7320.399902,698421800
18/9/2019,7320.399902,7350.5,7300.399902,7314.100098,7314.100098,642716000
19/9/2019,7314.100098,7373.100098,7290.700195,7356.399902,7356.399902,632737400
20/9/2019,7356.399902,7376.299805,7322,7344.899902,7344.899902,1656288000
23/9/2019,7344.899902,7362.299805,7284.799805,7326.100098,7326.100098,489660300
24/9/2019,7326.100098,7349,7281.899902,7291.399902,7291.399902,588772200
25/9/2019,7291.399902,7292,7213,7290,7290,704553100
26/9/2019,7290,7387.100098,7277.200195,7351.100098,7351.100098,704707500
27/9/2019,7351.100098,7440.799805,7351,7426.200195,7426.200195,584318800
30/9/2019,7426.200195,7439.600098,7402.200195,7408.200195,7408.200195,655556100
1/10/2019,7408.200195,7433.200195,7352.799805,7360.299805,7360.299805,734563400
2/10/2019,7360.299805,7360.299805,7119.700195,7122.5,7122.5,747799600
3/10/2019,7122.5,7129,7004.399902,7077.600098,7077.600098,635551800
4/10/2019,7077.600098,7157.799805,7077.399902,7155.399902,7155.399902,588776100
7/10/2019,7155.399902,7206.899902,7133,7197.899902,7197.899902,551391300
8/10/2019,7197.899902,7223.899902,7143.200195,7143.200195,7143.200195,692866200
9/10/2019,7143.200195,7196.399902,7139.899902,7166.5,7166.5,582025200
10/10/2019,7166.5,7212.899902,7130.5,7186.399902,7186.399902,700021400
11/10/2019,7186.399902,7250.100098,7144.700195,7247.100098,7247.100098,1507692000
14/10/2019,7247.100098,7251.799805,7194.200195,7213.5,7213.5,780579200
15/10/2019,7213.5,7242.399902,7176.700195,7211.600098,7211.600098,1123687400
16/10/2019,7211.600098,7217.600098,7149.799805,7168,7168,1000484300
17/10/2019,7168,7237.799805,7162,7182.299805,7182.299805,1126096700
18/10/2019,7182.299805,7197.100098,7146.100098,7150.600098,7150.600098,869346100
21/10/2019,7150.600098,7197.5,7139.399902,7163.600098,7163.600098,853632700
22/10/2019,7163.600098,7230.200195,7146.700195,7212.5,7212.5,800741400
23/10/2019,7212.5,7265.899902,7194.100098,7260.700195,7260.700195,764933300
24/10/2019,7260.700195,7338.899902,7255.5,7328.299805,7328.299805,733646100
25/10/2019,7328.299805,7331.200195,7279.799805,7324.5,7324.5,580305100
28/10/2019,7324.5,7346.899902,7291.600098,7331.299805,7331.299805,676041800
29/10/2019,7331.299805,7335.700195,7264.700195,7306.299805,7306.299805,710020700
30/10/2019,7306.299805,7334,7278.200195,7330.799805,7330.799805,672191900
31/10/2019,7330.799805,7335.200195,7245.200195,7248.399902,7248.399902,847657500
1/11/2019,7248.399902,7307.200195,7248.399902,7302.399902,7302.399902,582078600
4/11/2019,7302.399902,7392.700195,7302.399902,7369.700195,7369.700195,582661700
5/11/2019,7369.700195,7402.799805,7369.600098,7388.100098,7388.100098,673186900
6/11/2019,7388.100098,7398.799805,7363.600098,7396.700195,7396.700195,618514700
7/11/2019,7396.700195,7431.899902,7396,7406.399902,7406.399902,668773400
8/11/2019,7406.399902,7406.799805,7349.100098,7359.399902,7359.399902,551986100
11/11/2019,7359.399902,7359.399902,7258.5,7328.5,7328.5,828425100
12/11/2019,7328.5,7390,7328.200195,7365.399902,7365.399902,754644000
13/11/2019,7365.399902,7365.399902,7301.700195,7351.200195,7351.200195,695720800
14/11/2019,7351.200195,7351.299805,7292.799805,7292.799805,7292.799805,675226500
15/11/2019,7292.799805,7335.600098,7243.200195,7302.899902,7302.899902,770473200
18/11/2019,7302.899902,7335.399902,7293.399902,7307.700195,7307.700195,764459700
19/11/2019,7307.700195,7404.5,7307.700195,7323.799805,7323.799805,605672300
20/11/2019,7323.799805,7323.799805,7219.100098,7262.5,7262.5,814232500
21/11/2019,7262.5,7262.5,7197.299805,7238.600098,7238.600098,608185000
22/11/2019,7238.600098,7343.299805,7238.5,7326.799805,7326.799805,611242800
25/11/2019,7326.799805,7401.799805,7326.799805,7396.299805,7396.299805,570982800
26/11/2019,7396.299805,7421.299805,7385,7403.100098,7403.100098,1058651500
27/11/2019,7403.100098,7446,7400.399902,7429.799805,7429.799805,626246700
28/11/2019,7429.799805,7429.799805,7385.299805,7416.399902,7416.399902,605369500
29/11/2019,7416.399902,7421.399902,7346.5,7346.5,7346.5,627336500
2/12/2019,7346.5,7400.299805,7277,7285.899902,7285.899902,928558400
3/12/2019,7285.899902,7285.899902,7134.899902,7158.799805,7158.799805,824932200
4/12/2019,7158.799805,7190,7139.899902,7188.5,7188.5,688011100
5/12/2019,7188.5,7194.799805,7131.200195,7137.899902,7137.899902,650618500
6/12/2019,7137.899902,7241.5,7137.899902,7239.700195,7239.700195,516373000
9/12/2019,7239.700195,7255.700195,7217.799805,7233.899902,7233.899902,619399300
10/12/2019,7233.899902,7234.399902,7137.799805,7213.799805,7213.799805,703527300
11/12/2019,7213.799805,7250.700195,7195.5,7216.299805,7216.299805,820837400
12/12/2019,7216.299805,7307.399902,7216.100098,7273.5,7273.5,727087300
13/12/2019,7273.5,7429,7223.399902,7353.399902,7353.399902,1906667700
16/12/2019,7353.399902,7552.700195,7353.200195,7519.100098,7519.100098,1045291600
17/12/2019,7519.100098,7537.700195,7497.200195,7525.299805,7525.299805,1096514900
18/12/2019,7525.299805,7557.100098,7515.200195,7540.799805,7540.799805,679287600
19/12/2019,7540.799805,7575.899902,7526.100098,7573.799805,7573.799805,661933000
20/12/2019,7573.799805,7599.5,7564.600098,7582.5,7582.5,1159724000
23/12/2019,7582.5,7628.200195,7559.600098,7623.600098,7623.600098,539145700
24/12/2019,7623.600098,7636.200195,7608.200195,7632.200195,7632.200195,185671600
27/12/2019,7632.200195,7665.399902,7622.5,7644.899902,7644.899902,311117100
30/12/2019,7644.899902,7644.899902,7587.100098,7587.100098,7587.100098,304247900
31/12/2019,7587.100098,7587.399902,7532.399902,7542.399902,7542.399902,212142200
2/1/2020,7542.399902,7624.799805,7542.399902,7604.299805,7604.299805,482206700
3/1/2020,7604.299805,7626.399902,7551,7622.399902,7622.399902,475628900
6/1/2020,7622.399902,7622.399902,7528.100098,7575.299805,7575.299805,516783400
7/1/2020,7575.299805,7604.600098,7562.100098,7573.899902,7573.899902,511576100
8/1/2020,7573.899902,7579.5,7525,7574.899902,7574.899902,606225000
9/1/2020,7574.899902,7627.799805,7574.899902,7598.100098,7598.100098,653838100
10/1/2020,7598.100098,7632,7585.100098,7587.899902,7587.899902,651315600
13/1/2020,7587.899902,7635.799805,7582.5,7617.600098,7617.600098,659019400
14/1/2020,7617.600098,7650.700195,7588.799805,7622.399902,7622.399902,697648200
15/1/2020,7622.399902,7642.799805,7609.399902,7642.799805,7642.799805,730575200
16/1/2020,7642.799805,7653.600098,7595.299805,7609.799805,7609.799805,573564200
17/1/2020,7609.799805,7689.700195,7609.799805,7674.600098,7674.600098,631970100
20/1/2020,7674.600098,7682.799805,7639.600098,7651.399902,7651.399902,358980900
21/1/2020,7651.399902,7651.399902,7550.5,7610.700195,7610.700195,656519300
22/1/2020,7610.700195,7637.399902,7563.5,7571.899902,7571.899902,604636000
23/1/2020,7571.899902,7572.100098,7503.200195,7507.700195,7507.700195,668616300
24/1/2020,7507.700195,7642.200195,7507.600098,7586,7586,605760000
27/1/2020,7586,7586,7392.799805,7412.100098,7412.100098,679457100
28/1/2020,7412.100098,7491.399902,7410.399902,7480.700195,7480.700195,535852000
29/1/2020,7480.700195,7514.700195,7462.200195,7483.600098,7483.600098,525036700
30/1/2020,7483.600098,7483.600098,7357.600098,7382,7382,685501900
31/1/2020,7382,7398.299805,7275,7286,7286,714049600
3/2/2020,7286,7360,7285.200195,7326.299805,7326.299805,645846700
4/2/2020,7326.299805,7442.100098,7326.299805,7439.799805,7439.799805,696703600
5/2/2020,7439.799805,7512.399902,7408.5,7482.5,7482.5,818911400
6/2/2020,7482.5,7533.600098,7482.5,7504.799805,7504.799805,673947900
7/2/2020,7504.799805,7506.299805,7441.100098,7466.700195,7466.700195,705974200
10/2/2020,7466.700195,7466.700195,7427.899902,7446.899902,7446.899902,612817500
11/2/2020,7446.899902,7529.5,7446.899902,7499.399902,7499.399902,700689800
12/2/2020,7499.399902,7547.700195,7499,7534.399902,7534.399902,573044200
13/2/2020,7534.399902,7534.399902,7406.899902,7452,7452,823565400
14/2/2020,7452,7472.899902,7403.700195,7409.100098,7409.100098,629855000
17/2/2020,7409.100098,7450,7409.100098,7433.299805,7433.299805,394565700
18/2/2020,7433.299805,7433.299805,7353.399902,7382,7382,786827200
19/2/2020,7382,7462,7382,7457,7457,602975900
20/2/2020,7457,7480.5,7436.600098,7436.600098,7436.600098,780481500
21/2/2020,7436.600098,7436.700195,7370.600098,7403.899902,7403.899902,872594700
24/2/2020,7403.899902,7403.899902,7114.5,7156.799805,7156.799805,1081479400
25/2/2020,7156.799805,7198.200195,7004.899902,7017.899902,7017.899902,976469000
26/2/2020,7017.899902,7044.700195,6871.899902,7042.5,7042.5,982409600
27/2/2020,7042.5,7042.5,6730,6796.399902,6796.399902,1224827000
28/2/2020,6796.399902,6796.399902,6460.100098,6580.600098,6580.600098,1979835300
2/3/2020,6580.600098,6775.200195,6496,6654.899902,6654.899902,1770844200
3/3/2020,6654.899902,6846.299805,6654.899902,6718.200195,6718.200195,1277190200
4/3/2020,6718.200195,6856.299805,6700.200195,6815.600098,6815.600098,1115783100
5/3/2020,6815.600098,6834.100098,6662.600098,6705.399902,6705.399902,1146893100
6/3/2020,6705.399902,6705.399902,6431.399902,6462.600098,6462.600098,1377953500
9/3/2020,6462.600098,6462.600098,5891.600098,5965.799805,5965.799805,2098798700
10/3/2020,5965.799805,6231.100098,5927.899902,5960.200195,5960.200195,1729622400
11/3/2020,5960.200195,6088.5,5860.799805,5876.5,5876.5,1507518600
12/3/2020,5876.5,5876.5,5237.5,5237.5,5237.5,2209275500
13/3/2020,5237.5,5696.5,5237.5,5366.100098,5366.100098,1935105000
16/3/2020,5366.100098,5366.100098,4898.799805,5151.100098,5151.100098,2111567500
17/3/2020,5151.100098,5309,4978.799805,5294.899902,5294.899902,1941164900
18/3/2020,5294.899902,5294.899902,5006.200195,5080.600098,5080.600098,1837075100
19/3/2020,5080.600098,5181,4942.399902,5151.600098,5151.600098,1963412200
20/3/2020,5151.600098,5419.299805,5151.600098,5190.799805,5190.799805,2585565700
23/3/2020,5190.799805,5194.799805,4922.799805,4993.899902,4993.899902,1629604900
24/3/2020,4993.899902,5446,4993.899902,5446,5446,1582421000
25/3/2020,5446,5741.399902,5400.5,5688.200195,5688.200195,1860995600
26/3/2020,5688.200195,5815.700195,5503.399902,5815.700195,5815.700195,1536739000
27/3/2020,5815.700195,5815.700195,5407.100098,5510.299805,5510.299805,1457210400
30/3/2020,5510.299805,5567.200195,5351.799805,5563.700195,5563.700195,1136875400
31/3/2020,5563.700195,5702.700195,5545.899902,5672,5672,1602112800
1/4/2020,5672,5672,5414.700195,5454.600098,5454.600098,1670362100
2/4/2020,5454.600098,5552.399902,5395.100098,5480.200195,5480.200195,1554286900
3/4/2020,5480.200195,5486.299805,5396.700195,5415.5,5415.5,1180517400
6/4/2020,5415.5,5590.600098,5415.5,5582.399902,5582.399902,1207951800
7/4/2020,5582.399902,5780.200195,5582.399902,5704.5,5704.5,1563928500
8/4/2020,5704.5,5704.5,5589.700195,5677.700195,5677.700195,1133735000
9/4/2020,5677.700195,5842.700195,5677.700195,5842.700195,5842.700195,1290301300
14/4/2020,5842.700195,5894.700195,5779,5791.299805,5791.299805,1056846100
15/4/2020,5791.299805,5791.700195,5576.399902,5597.700195,5597.700195,1375971300
16/4/2020,5597.700195,5657.600098,5577.799805,5628.399902,5628.399902,1073687700
17/4/2020,5628.399902,5839.299805,5628.399902,5787,5787,1204085900
20/4/2020,5787,5823.899902,5707.700195,5812.799805,5812.799805,822613800
21/4/2020,5812.799805,5812.799805,5641,5641,5641,888662400
22/4/2020,5641,5777.100098,5641,5770.600098,5770.600098,866999300
23/4/2020,5770.600098,5843.600098,5735.899902,5826.600098,5826.600098,882116400
24/4/2020,5826.600098,5827.200195,5728.799805,5752.200195,5752.200195,808821600
27/4/2020,5752.200195,5855.600098,5752.200195,5846.799805,5846.799805,792246400
28/4/2020,5846.799805,5977.799805,5835.899902,5958.5,5958.5,1196850700
29/4/2020,5958.5,6129.600098,5950.799805,6115.299805,6115.299805,1288097400
30/4/2020,6115.299805,6151.600098,5897.899902,5901.200195,5901.200195,1933348900
1/5/2020,5901.200195,5901.200195,5746.100098,5763.100098,5763.100098,781328900
4/5/2020,5763.100098,5792.899902,5702,5753.799805,5753.799805,1038977200
5/5/2020,5753.799805,5869.5,5753.799805,5849.399902,5849.399902,969041200
6/5/2020,5849.399902,5897.399902,5839.600098,5853.799805,5853.799805,973242800
7/5/2020,5853.799805,5941.899902,5853.600098,5936,5936,967707400
11/5/2020,5936,5999.100098,5898.299805,5939.700195,5939.700195,1041393600
12/5/2020,5939.700195,6013,5911.399902,5994.799805,5994.799805,939767700
13/5/2020,5994.799805,5994.799805,5893.399902,5904.100098,5904.100098,1055705500
14/5/2020,5904.100098,5904.100098,5661.100098,5741.5,5741.5,1152459900
15/5/2020,5741.5,5837.899902,5741.5,5799.799805,5799.799805,927433300
18/5/2020,5799.799805,6058.200195,5799.600098,6048.600098,6048.600098,930325200
19/5/2020,6048.600098,6112,5965.100098,6002.200195,6002.200195,1001641500
20/5/2020,6002.200195,6074.5,5961.600098,6067.200195,6067.200195,925383600
21/5/2020,6067.200195,6093.700195,6004.100098,6015.299805,6015.299805,1135941900
22/5/2020,6015.299805,6015.299805,5888.600098,5993.299805,5993.299805,986007000
26/5/2020,5993.299805,6130.100098,5993.299805,6067.799805,6067.799805,1252539600
27/5/2020,6067.799805,6168,6067.799805,6144.299805,6144.299805,1559401400
28/5/2020,6144.299805,6234,6144.299805,6218.799805,6218.799805,1210102000
29/5/2020,6218.799805,6218.799805,6060.200195,6076.600098,6076.600098,2246313300
1/6/2020,6076.600098,6179.299805,6076.600098,6166.399902,6166.399902,742112200
2/6/2020,6166.399902,6238.299805,6165.100098,6220.100098,6220.100098,1192259900
3/6/2020,6220.100098,6394.700195,6220.100098,6382.399902,6382.399902,1232836600
4/6/2020,6382.399902,6402.600098,6314.600098,6341.399902,6341.399902,1041769100
5/6/2020,6341.399902,6490,6341.399902,6484.299805,6484.299805,1398374600
8/6/2020,6484.299805,6511.799805,6423.100098,6472.600098,6472.600098,1305560800
9/6/2020,6472.600098,6475,6325.100098,6335.700195,6335.700195,1322614400
10/6/2020,6335.700195,6387.399902,6293.799805,6329.100098,6329.100098,1115769600
11/6/2020,6329.100098,6329.100098,6076.700195,6076.700195,6076.700195,1117426600
12/6/2020,6076.700195,6184.299805,5993.200195,6105.200195,6105.200195,1059920700
15/6/2020,6105.200195,6105.200195,5952.399902,6064.700195,6064.700195,907815700
16/6/2020,6064.700195,6299,6064.700195,6242.799805,6242.799805,1028926100
17/6/2020,6242.799805,6309.700195,6233.200195,6253.299805,6253.299805,863307200
18/6/2020,6253.299805,6285,6184.899902,6224.100098,6224.100098,782893800
19/6/2020,6224.100098,6319.799805,6224.100098,6292.600098,6292.600098,1685754500
22/6/2020,6292.600098,6309,6225.5,6244.600098,6244.600098,793214300
23/6/2020,6244.600098,6342.200195,6244.600098,6320.100098,6320.100098,685327800
24/6/2020,6320.100098,6320.100098,6123.700195,6123.700195,6123.700195,768655700
25/6/2020,6123.700195,6162.399902,6029.299805,6147.100098,6147.100098,813511600
26/6/2020,6147.100098,6262.100098,6147.100098,6159.299805,6159.299805,698906500
29/6/2020,6159.299805,6252,6123,6225.799805,6225.799805,720430800
30/6/2020,6225.799805,6237.5,6147,6169.700195,6169.700195,827284200
1/7/2020,6169.700195,6202,6084.5,6158,6158,724502100
2/7/2020,6158,6258.600098,6158,6240.399902,6240.399902,806189500
3/7/2020,6240.399902,6262.700195,6137.100098,6157.299805,6157.299805,504568000
6/7/2020,6157.299805,6304.200195,6157.299805,6285.899902,6285.899902,697122600
7/7/2020,6285.899902,6285.899902,6180,6189.899902,6189.899902,600362300
8/7/2020,6189.899902,6208.399902,6144.5,6156.200195,6156.200195,625796600
9/7/2020,6156.200195,6176.799805,6040.299805,6049.600098,6049.600098,670967000
10/7/2020,6049.600098,6108.200195,6003.200195,6095.399902,6095.399902,685330800
13/7/2020,6095.399902,6187.299805,6095.399902,6176.200195,6176.200195,614241100
14/7/2020,6176.200195,6179.799805,6093.200195,6179.799805,6179.799805,717546900
15/7/2020,6179.799805,6323.600098,6179.799805,6292.700195,6292.700195,747302000
16/7/2020,6292.700195,6296.799805,6227.299805,6250.700195,6250.700195,521796200
17/7/2020,6250.700195,6293.700195,6230,6290.299805,6290.299805,687096800
20/7/2020,6290.299805,6297.600098,6222.200195,6261.5,6261.5,494263500
21/7/2020,6261.5,6315.700195,6253.899902,6269.700195,6269.700195,753531600
22/7/2020,6269.700195,6271,6197.5,6207.100098,6207.100098,745230100
23/7/2020,6207.100098,6273.600098,6202.899902,6211.399902,6211.399902,605739200
24/7/2020,6211.399902,6211.399902,6099.100098,6123.799805,6123.799805,679819200
27/7/2020,6123.799805,6127.600098,6086.600098,6104.899902,6104.899902,704383900
28/7/2020,6104.899902,6149.899902,6083.700195,6129.299805,6129.299805,612575200
29/7/2020,6129.299805,6155.100098,6116.700195,6131.5,6131.5,718093000
30/7/2020,6131.5,6145.799805,5924.700195,5990,5990,1229813400
31/7/2020,5990,6046.299805,5897.799805,5897.799805,5897.799805,1007598800
3/8/2020,5897.799805,6038.799805,5857.100098,6032.899902,6032.899902,948540800
4/8/2020,6032.899902,6056.5,5986.799805,6036,6036,766666900
5/8/2020,6036,6111.5,6036,6104.700195,6104.700195,715558400
6/8/2020,6104.700195,6104.700195,5980.399902,6026.899902,6026.899902,629266500
7/8/2020,6026.899902,6046,5996.700195,6032.200195,6032.200195,540972400
10/8/2020,6032.200195,6099.5,6028.5,6050.600098,6050.600098,558064500
11/8/2020,6050.600098,6206,6050.600098,6154.299805,6154.299805,758790700
12/8/2020,6154.299805,6297.200195,6151.600098,6280.100098,6280.100098,680848000
13/8/2020,6280.100098,6280.100098,6185.600098,6185.600098,6185.600098,515765800
14/8/2020,6185.600098,6185.600098,6036.100098,6090,6090,513442300
17/8/2020,6090,6140.200195,6061.5,6127.399902,6127.399902,500314600
18/8/2020,6127.399902,6162.700195,6062.600098,6076.600098,6076.600098,502242600
19/8/2020,6076.600098,6114.799805,6045,6112,6112,425040900
20/8/2020,6112,6112,6009.600098,6013.299805,6013.299805,505170900
21/8/2020,6013.299805,6036.5,5948.799805,6001.899902,6001.899902,545211700
24/8/2020,6001.899902,6119.799805,6001.899902,6104.700195,6104.700195,452722200
25/8/2020,6104.700195,6173.5,6032.100098,6037,6037,538992400
26/8/2020,6037,6050.799805,5992.200195,6045.600098,6045.600098,405657200
27/8/2020,6045.600098,6062.5,6000,6000,6000,496427000
28/8/2020,6000,6033,5962.5,5963.600098,5963.600098,928308900
1/9/2020,5963.600098,5972.5,5824,5862.100098,5862.100098,1041226100
2/9/2020,5862.100098,5974.700195,5862.100098,5941,5941,670603500
3/9/2020,5941,5996.200195,5838,5850.899902,5850.899902,698951400
4/9/2020,5850.899902,5904.200195,5778.399902,5799.100098,5799.100098,672211400
7/9/2020,5799.100098,5946.899902,5798.5,5937.399902,5937.399902,542562600
8/9/2020,5937.399902,5985.299805,5868.899902,5930.299805,5930.299805,741088100
9/9/2020,5930.299805,6031.299805,5923.399902,6012.799805,6012.799805,670411100
10/9/2020,6012.799805,6028.799805,5950.600098,6003.299805,6003.299805,602947200
11/9/2020,6003.299805,6057.700195,5992.899902,6032.100098,6032.100098,532206600
14/9/2020,6032.100098,6080,6011.799805,6026.299805,6026.299805,599027600
15/9/2020,6026.299805,6123.700195,6026.200195,6105.5,6105.5,696475100
16/9/2020,6105.5,6119.200195,6057.600098,6078.5,6078.5,712218600
17/9/2020,6078.5,6078.5,5998.700195,6049.899902,6049.899902,614989900
18/9/2020,6049.899902,6055.200195,6006.299805,6007.100098,6007.100098,1606438900
21/9/2020,6007.100098,6007.100098,5779.200195,5804.299805,5804.299805,989724600
22/9/2020,5804.299805,5871.299805,5794.5,5829.5,5829.5,793986600
23/9/2020,5829.5,5974.899902,5829.5,5899.299805,5899.299805,745841800
24/9/2020,5899.299805,5899.299805,5805.299805,5822.799805,5822.799805,707125700
25/9/2020,5822.799805,5843.700195,5771.5,5842.700195,5842.700195,742745800
28/9/2020,5842.700195,5954.399902,5842.700195,5927.899902,5927.899902,915339300
29/9/2020,5927.899902,5927.899902,5862.899902,5897.5,5897.5,677894800
30/9/2020,5897.5,5931.399902,5854.5,5866.100098,5866.100098,831982500
1/10/2020,5866.100098,5925.799805,5849.799805,5879.5,5879.5,729252500
2/10/2020,5879.5,5902.100098,5809.600098,5902.100098,5902.100098,708115400
5/10/2020,5902.100098,5974.200195,5902.100098,5942.899902,5942.899902,637260500
6/10/2020,5942.899902,5971.5,5903.399902,5949.899902,5949.899902,911383000
7/10/2020,5949.899902,5977.200195,5929.200195,5946.299805,5946.299805,762006800
8/10/2020,5946.299805,6004.200195,5929.399902,5978,5978,741665900
9/10/2020,5978,6040.5,5978,6016.700195,6016.700195,676779000
12/10/2020,6016.700195,6037.100098,5995.100098,6001.399902,6001.399902,600961600
13/10/2020,6001.399902,6008,5950,5969.700195,5969.700195,786877800
14/10/2020,5969.700195,6009.799805,5926.5,5935.100098,5935.100098,613220800
15/10/2020,5935.100098,5935.100098,5786.200195,5832.5,5832.5,667215200
16/10/2020,5832.5,5933.799805,5832.5,5919.600098,5919.600098,669807200
19/10/2020,5919.600098,5959.700195,5872,5884.700195,5884.700195,522720700
20/10/2020,5884.700195,5915.5,5861.799805,5889.200195,5889.200195,576524900
21/10/2020,5889.200195,5903.399902,5769.600098,5776.5,5776.5,632347400
22/10/2020,5776.5,5796.399902,5716.399902,5785.700195,5785.700195,664916300
23/10/2020,5785.700195,5885.399902,5781.799805,5860.299805,5860.299805,852798000
26/10/2020,5860.299805,5868.399902,5782.399902,5792,5792,870052100
27/10/2020,5792,5806.200195,5728.200195,5729,5729,756732600
28/10/2020,5729,5729,5525.5,5582.799805,5582.799805,1107558600
29/10/2020,5582.799805,5616.600098,5534.700195,5581.799805,5581.799805,964959700
30/10/2020,5581.799805,5593.399902,5534.100098,5577.299805,5577.299805,823613300
2/11/2020,5577.299805,5665.299805,5554.700195,5655,5655,755064600
3/11/2020,5655,5787.600098,5655,5786.799805,5786.799805,803790300
4/11/2020,5786.799805,5885.700195,5711.200195,5883.299805,5883.299805,781517600
5/11/2020,5883.299805,5933.100098,5881.899902,5906.200195,5906.200195,900001200
6/11/2020,5906.200195,5950.200195,5858.5,5910,5910,848478100
9/11/2020,5910,6258.299805,5910,6186.299805,6186.299805,2067706200
10/11/2020,6186.299805,6307,6180.5,6296.899902,6296.899902,1717346100
11/11/2020,6296.899902,6397.299805,6293.200195,6382.100098,6382.100098,1283397300
12/11/2020,6382.100098,6382.100098,6295.799805,6338.899902,6338.899902,1014492200
13/11/2020,6338.899902,6339,6280.399902,6316.399902,6316.399902,1010712500
16/11/2020,6316.399902,6463.5,6316.399902,6421.299805,6421.299805,1293581100
17/11/2020,6421.299805,6424.5,6309,6365.299805,6365.299805,1225248200
18/11/2020,6365.299805,6395.899902,6326.700195,6385.200195,6385.200195,979740000
19/11/2020,6385.200195,6385.200195,6314.299805,6334.399902,6334.399902,929024200
20/11/2020,6334.399902,6386.700195,6324.600098,6351.5,6351.5,821112500
23/11/2020,6351.5,6392.100098,6325.200195,6333.799805,6333.799805,943708400
24/11/2020,6333.799805,6432.399902,6333.700195,6432.200195,6432.200195,1301560700
25/11/2020,6432.200195,6468.700195,6375.299805,6391.100098,6391.100098,1129314000
26/11/2020,6391.100098,6412.700195,6349.5,6362.899902,6362.899902,736272500
27/11/2020,6362.899902,6375.899902,6302.200195,6367.600098,6367.600098,1448127900
30/11/2020,6367.600098,6404,6266.200195,6266.200195,6266.200195,1355075300
1/12/2020,6266.200195,6400.200195,6263.600098,6384.700195,6384.700195,839858300
2/12/2020,6384.700195,6468.600098,6367.5,6463.399902,6463.399902,936842800
3/12/2020,6463.399902,6491.5,6430.299805,6490.299805,6490.299805,943214500
4/12/2020,6490.299805,6559.200195,6489.799805,6550.200195,6550.200195,1073110600
7/12/2020,6550.200195,6601.100098,6519.799805,6555.399902,6555.399902,1058250500
8/12/2020,6555.399902,6567.600098,6518.399902,6558.799805,6558.799805,758186800
9/12/2020,6558.799805,6623,6558.799805,6564.299805,6564.299805,769345300
10/12/2020,6564.299805,6640.700195,6561.100098,6599.799805,6599.799805,1109877200
11/12/2020,6599.799805,6607.399902,6520.5,6546.799805,6546.799805,1069085700
14/12/2020,6546.799805,6583.700195,6524.700195,6531.799805,6531.799805,870265400
15/12/2020,6531.799805,6558.200195,6484,6513.299805,6513.299805,737394700
16/12/2020,6513.299805,6598.399902,6513.299805,6570.899902,6570.899902,860333700
17/12/2020,6570.899902,6601.600098,6551.100098,6551.100098,6551.100098,725533900
18/12/2020,6551.100098,6604.5,6518.299805,6529.200195,6529.200195,1200513100
21/12/2020,6529.200195,6529.200195,6315.299805,6416.299805,6416.299805,1118314800
23/12/2020,6453.200195,6497.299805,6431.200195,6495.799805,6495.799805,807695400
24/12/2020,6495.799805,6530.299805,6479.600098,6502.100098,6502.100098,477470700
29/12/2020,6502.100098,6676.600098,6502.100098,6602.700195,6602.700195,824116800
30/12/2020,6602.700195,6623,6552.5,6555.799805,6555.799805,425493000
31/12/2020,6555.799805,6555.799805,6439.399902,6460.5,6460.5,316943900
4/1/2021,6460.5,6662.700195,6460.5,6571.899902,6571.899902,965097800
5/1/2021,6571.899902,6622.799805,6544.299805,6612.299805,6612.299805,718950800
6/1/2021,6612.299805,6859.100098,6611.899902,6841.899902,6841.899902,1249709500
7/1/2021,6841.899902,6903.600098,6795.100098,6857,6857,939652600
8/1/2021,6857,6886.299805,6836.100098,6873.299805,6873.299805,850778500
11/1/2021,6873.299805,6873.299805,6768.700195,6798.5,6798.5,707799500
12/1/2021,6798.5,6816.700195,6738.200195,6754.100098,6754.100098,648158800
13/1/2021,6754.100098,6772.600098,6736,6745.5,6745.5,619448200
14/1/2021,6745.5,6802,6736.799805,6802,6802,685978100
15/1/2021,6802,6802.100098,6676.600098,6735.700195,6735.700195,740665600
18/1/2021,6735.700195,6741.5,6709.299805,6720.700195,6720.700195,359826900
19/1/2021,6720.700195,6770.700195,6697.700195,6713,6713,618144700
20/1/2021,6713,6751.799805,6697.5,6740.399902,6740.399902,687499600
21/1/2021,6740.399902,6776.899902,6715.399902,6715.399902,6715.399902,621554400
22/1/2021,6715.399902,6715.700195,6651.700195,6695.100098,6695.100098,693954900
25/1/2021,6695.100098,6714.600098,6610.299805,6638.899902,6638.899902,761260500
26/1/2021,6638.899902,6702.399902,6636.299805,6654,6654,683485900
27/1/2021,6654,6661.299805,6505.799805,6567.399902,6567.399902,982451100
28/1/2021,6567.399902,6567.399902,6439.600098,6526.200195,6526.200195,869048100
29/1/2021,6526.200195,6526.200195,6397.200195,6407.5,6407.5,870670500
1/2/2021,6407.5,6495.600098,6407.5,6466.399902,6466.399902,746038100
2/2/2021,6466.399902,6523.5,6466.399902,6516.700195,6516.700195,719054200
3/2/2021,6516.700195,6573.100098,6489.5,6507.799805,6507.799805,717525200
4/2/2021,6507.799805,6553.399902,6478.200195,6503.700195,6503.700195,989919900
5/2/2021,6503.700195,6518.700195,6457.600098,6489.299805,6489.299805,984403300
8/2/2021,6489.299805,6567.700195,6489.299805,6523.5,6523.5,818871300
9/2/2021,6523.5,6541,6501,6531.600098,6531.600098,544655300
10/2/2021,6531.600098,6577,6481,6524.399902,6524.399902,782043000
11/2/2021,6524.399902,6554.200195,6514.899902,6528.700195,6528.700195,673184700
12/2/2021,6528.700195,6589.799805,6485.100098,6589.799805,6589.799805,495851300
15/2/2021,6589.799805,6775.399902,6589.799805,6756.100098,6756.100098,825488200
16/2/2021,6756.100098,6799.899902,6736.899902,6748.899902,6748.899902,817289800
17/2/2021,6748.899902,6760.299805,6701.600098,6710.899902,6710.899902,755390100
18/2/2021,6710.899902,6721.799805,6591.399902,6617.200195,6617.200195,847018200
19/2/2021,6617.200195,6646.200195,6600.600098,6624,6624,976444700
22/2/2021,6624,6624.700195,6545.899902,6612.200195,6612.200195,846468100
23/2/2021,6612.200195,6675.399902,6555.899902,6625.899902,6625.899902,1154639900
24/2/2021,6625.899902,6669.899902,6572.299805,6659,6659,1141083000
25/2/2021,6659,6702.899902,6644.700195,6652,6652,852469800
26/2/2021,6652,6652,6465.600098,6483.399902,6483.399902,1279039900
1/3/2021,6483.399902,6612.700195,6483.399902,6588.5,6588.5,708419900
2/3/2021,6588.5,6660.799805,6560.899902,6613.799805,6613.799805,682614300
3/3/2021,6613.799805,6705.299805,6613.799805,6675.5,6675.5,937329300
4/3/2021,6675.5,6675.5,6581.200195,6650.899902,6650.899902,938807000
5/3/2021,6650.899902,6710.799805,6560.799805,6630.5,6630.5,1027477500
8/3/2021,6630.5,6726.399902,6612.700195,6719.100098,6719.100098,972755300
9/3/2021,6719.100098,6786.799805,6689.899902,6730.299805,6730.299805,952946800
10/3/2021,6730.299805,6740.799805,6677,6725.600098,6725.600098,725796800
11/3/2021,6725.600098,6755.299805,6699.299805,6737,6737,714706900
12/3/2021,6737,6766.399902,6709,6761.5,6761.5,706134500
15/3/2021,6761.5,6804.899902,6723.700195,6749.700195,6749.700195,670767900
16/3/2021,6749.700195,6812.799805,6749.600098,6803.600098,6803.600098,8494800
17/3/2021,6803.600098,6805.700195,6753.799805,6762.700195,6762.700195,8378200
18/3/2021,6762.700195,6791.799805,6740.5,6779.700195,6779.700195,825204500
19/3/2021,6779.700195,6779.700195,6664.600098,6708.700195,6708.700195,1819149000
22/3/2021,6708.700195,6732.700195,6651,6726.100098,6726.100098,811558900
23/3/2021,6726.100098,6726.100098,6664.799805,6699.200195,6699.200195,861618700
24/3/2021,6699.200195,6722.600098,6649.399902,6712.899902,6712.899902,942724200
25/3/2021,6712.899902,6729.899902,6618.600098,6674.799805,6674.799805,768539700
26/3/2021,6674.799805,6742.100098,6674.799805,6740.600098,6740.600098,748208300
29/3/2021,6740.600098,6758.799805,6705.399902,6736.200195,6736.200195,624496600
30/3/2021,6736.200195,6792.200195,6729.5,6772.100098,6772.100098,664395600
31/3/2021,6772.100098,6775.700195,6713.600098,6713.600098,6713.600098,854819600
1/4/2021,6713.600098,6766.5,6713.600098,6737.299805,6737.299805,592371100
6/4/2021,6737.299805,6843.700195,6737.299805,6823.600098,6823.600098,773873100
7/4/2021,6823.600098,6898.399902,6823.600098,6885.299805,6885.299805,708769700
8/4/2021,6885.299805,6942.200195,6884.799805,6942.200195,6942.200195,792318200
9/4/2021,6942.200195,6949.600098,6906.399902,6915.799805,6915.799805,615052100
12/4/2021,6915.799805,6916.100098,6853.799805,6889.100098,6889.100098,639363600
13/4/2021,6889.100098,6895.100098,6859.700195,6890.5,6890.5,572405700
14/4/2021,6890.5,6942.299805,6880.700195,6939.600098,6939.600098,596867000
15/4/2021,6939.600098,6994.899902,6939.299805,6983.5,6983.5,651402900
16/4/2021,6983.5,7037.700195,6983.5,7019.5,7019.5,742505700
19/4/2021,7019.5,7040.299805,6979.200195,7000.100098,7000.100098,529712700
20/4/2021,7000.100098,7001.299805,6857.100098,6859.899902,6859.899902,825253600
21/4/2021,6859.899902,6914.899902,6859.600098,6895.299805,6895.299805,662064600
22/4/2021,6895.299805,6941.100098,6889.299805,6938.200195,6938.200195,647196400
23/4/2021,6938.200195,6938.600098,6891.799805,6938.600098,6938.600098,582223700
26/4/2021,6938.600098,6971.5,6913.399902,6963.100098,6963.100098,511633400
27/4/2021,6963.100098,6975.100098,6929.799805,6945,6945,658634400
28/4/2021,6945,6986.700195,6944.100098,6963.700195,6963.700195,990231900
29/4/2021,6963.700195,7019.799805,6953.899902,6961.5,6961.5,657930300
30/4/2021,6961.5,7009.5,6946,6969.799805,6969.799805,831625600
4/5/2021,6969.799805,7034.299805,6912.299805,6923.200195,6923.200195,911981600
5/5/2021,6923.200195,7047.799805,6923.200195,7039.299805,7039.299805,734979800
6/5/2021,7039.299805,7076.200195,7026.799805,7076.200195,7076.200195,764405400
7/5/2021,7076.200195,7143.5,7076.200195,7129.700195,7129.700195,624763100
10/5/2021,7129.700195,7164.200195,7104.399902,7123.700195,7123.700195,744129400
11/5/2021,7123.700195,7123.700195,6912.399902,6948,6948,933225500
12/5/2021,6948,7028.100098,6945.299805,7004.600098,7004.600098,743459700
13/5/2021,7004.600098,7004.600098,6823.600098,6963.299805,6963.299805,660813600
14/5/2021,6963.299805,7048.700195,6963.299805,7043.600098,7043.600098,845954300
17/5/2021,7043.600098,7066.799805,6989.100098,7032.899902,7032.899902,582188300
18/5/2021,7032.899902,7102.600098,7030.399902,7034.200195,7034.200195,736327300
19/5/2021,7034.200195,7034.200195,6897.100098,6950.200195,6950.200195,729532000
20/5/2021,6950.200195,7019.799805,6926.899902,7019.799805,7019.799805,626003200
21/5/2021,7019.799805,7028.200195,6973.299805,7018.100098,7018.100098,803607300
24/5/2021,7018.100098,7054.600098,7013.5,7051.600098,7051.600098,422927700
25/5/2021,7051.600098,7067.600098,7029.799805,7029.799805,7029.799805,619367600
26/5/2021,7029.799805,7050.899902,6998.200195,7026.899902,7026.899902,619965100
27/5/2021,7026.899902,7044,7008.5,7019.700195,7019.700195,1422973500
28/5/2021,7019.700195,7054.899902,7019.600098,7022.600098,7022.600098,786614400
1/6/2021,7022.600098,7118,7022.600098,7080.5,7080.5,726701500
2/6/2021,7080.5,7122.5,7074.100098,7108,7108,570341500
3/6/2021,7108,7108,7013.899902,7064.399902,7064.399902,617182900
4/6/2021,7064.399902,7071.799805,7039.700195,7069,7069,425216000
7/6/2021,7069,7098.299805,7042.200195,7077.200195,7077.200195,963131300
8/6/2021,7077.200195,7120.700195,7074.899902,7095.100098,7095.100098,550005100
9/6/2021,7095.100098,7095.700195,7046,7081,7081,575133700
10/6/2021,7081,7117.700195,7080,7088.200195,7088.200195,574917100
11/6/2021,7088.200195,7140.700195,7088.200195,7134.100098,7134.100098,509040600
14/6/2021,7134.100098,7188.299805,7131.799805,7146.700195,7146.700195,551244200
15/6/2021,7146.700195,7189.600098,7142.700195,7172.5,7172.5,779379400
16/6/2021,7172.5,7217.5,7169.200195,7185,7185,723106300
17/6/2021,7185,7185,7133,7153.399902,7153.399902,724679900
18/6/2021,7153.399902,7154.600098,7008.700195,7017.5,7017.5,1553511000
21/6/2021,7017.5,7065.100098,6948.600098,7062.299805,7062.299805,820495800
22/6/2021,7062.299805,7098.700195,7061.100098,7090,7090,522524500
23/6/2021,7090,7129.399902,7074.100098,7074.100098,7074.100098,567367400
24/6/2021,7074.100098,7119.399902,7070.899902,7110,7110,726332500
25/6/2021,7110,7139.100098,7109.799805,7136.100098,7136.100098,609038400
28/6/2021,7136.100098,7136.200195,7072,7073,7073,682531900
29/6/2021,7073,7120.799805,7071.899902,7087.600098,7087.600098,531015400
30/6/2021,7087.600098,7100.700195,7010.600098,7037.5,7037.5,659209600
1/7/2021,7037.5,7134.200195,7037.5,7125.200195,7125.200195,631273700
2/7/2021,7125.200195,7162.200195,7110.299805,7123.299805,7123.299805,520006400
5/7/2021,7123.299805,7168,7111.5,7164.899902,7164.899902,384449600
6/7/2021,7164.899902,7170.600098,7075.700195,7100.899902,7100.899902,635763200
7/7/2021,7100.899902,7153.700195,7100.899902,7151,7151,600040700
8/7/2021,7151,7151,6981.600098,7030.700195,7030.700195,741526200
9/7/2021,7030.700195,7121.899902,7030.200195,7121.899902,7121.899902,577541200
12/7/2021,7121.899902,7134.899902,7066.200195,7125.399902,7125.399902,484702100
13/7/2021,7125.399902,7152.399902,7116.299805,7124.700195,7124.700195,613836900
14/7/2021,7124.700195,7124.700195,7073.600098,7091.200195,7091.200195,565377200
15/7/2021,7091.200195,7111.799805,7005,7012,7012,612974400
16/7/2021,7012,7056.700195,6978.100098,7008.100098,7008.100098,617556700
19/7/2021,7008.100098,7008.100098,6813,6844.399902,6844.399902,817237100
20/7/2021,6844.399902,6929.899902,6827.299805,6881.100098,6881.100098,941993900
21/7/2021,6881.100098,7007.799805,6881.100098,6998.299805,6998.299805,784895600
22/7/2021,6998.299805,7019,6956.200195,6968.299805,6968.299805,497512000
23/7/2021,6968.299805,7033.299805,6968.299805,7027.600098,7027.600098,461681400
26/7/2021,7027.600098,7038.700195,6980.700195,7025.399902,7025.399902,524700700
27/7/2021,7025.399902,7028.399902,6929.600098,6996.100098,6996.100098,516983900
28/7/2021,6996.100098,7023.399902,6974.799805,7016.600098,7016.600098,595315800
29/7/2021,7016.600098,7093.899902,7008.700195,7078.399902,7078.399902,789496800
30/7/2021,7078.399902,7078.399902,6996.899902,7032.299805,7032.299805,674951500
2/8/2021,7032.299805,7111.700195,7032.299805,7081.700195,7081.700195,526271100
3/8/2021,7081.700195,7119.200195,7074.299805,7105.700195,7105.700195,613947100
4/8/2021,7105.700195,7142.5,7105.700195,7123.899902,7123.899902,618704700
5/8/2021,7123.899902,7130.399902,7099,7120.399902,7120.399902,814802900
6/8/2021,7120.399902,7135.399902,7103.700195,7123,7123,677358200
9/8/2021,7123,7138.799805,7089.700195,7132.299805,7132.299805,525136800
10/8/2021,7132.299805,7166.700195,7115.899902,7161,7161,559144000
11/8/2021,7161,7220.100098,7157.700195,7220.100098,7220.100098,536436100
12/8/2021,7220.100098,7220.700195,7182.899902,7193.200195,7193.200195,574940100
13/8/2021,7193.200195,7224.5,7193.100098,7218.700195,7218.700195,501180000
16/8/2021,7218.700195,7218.700195,7117.799805,7154,7154,522255500
17/8/2021,7154,7188.600098,7118.700195,7181.100098,7181.100098,573595700
18/8/2021,7181.100098,7198.799805,7143.600098,7169.299805,7169.299805,792002500
19/8/2021,7169.299805,7169.299805,6993.100098,7058.899902,7058.899902,602767800
20/8/2021,7058.899902,7095.600098,7032.5,7087.899902,7087.899902,549551400
23/8/2021,7087.899902,7147.799805,7087.899902,7109,7109,493195600
24/8/2021,7109,7129.700195,7076.100098,7125.799805,7125.799805,582751900
25/8/2021,7125.799805,7151.799805,7121.299805,7150.100098,7150.100098,510382500
26/8/2021,7150.100098,7150.100098,7095.399902,7125,7125,391705500
27/8/2021,7125,7157.600098,7108.5,7148,7148,425583800
31/8/2021,7148,7160.5,7092,7119.700195,7119.700195,1002276600
1/9/2021,7119.700195,7187.299805,7119.700195,7149.799805,7149.799805,522902700
2/9/2021,7149.799805,7168.799805,7129.700195,7163.899902,7163.899902,538705600
3/9/2021,7163.899902,7182.200195,7123.899902,7138.399902,7138.399902,499092300
6/9/2021,7138.399902,7195.600098,7138.399902,7187.200195,7187.200195,306418900
7/9/2021,7187.200195,7187.200195,7147.899902,7149.399902,7149.399902,466824500
8/9/2021,7149.399902,7149.399902,7061.100098,7095.5,7095.5,567994400
9/9/2021,7095.5,7095.5,6998.600098,7024.200195,7024.200195,695389400
10/9/2021,7024.200195,7055.200195,7014.399902,7029.200195,7029.200195,492655900
13/9/2021,7029.200195,7090.799805,7029.200195,7068.399902,7068.399902,545721200
14/9/2021,7068.399902,7068.5,7020.100098,7034.100098,7034.100098,678394800
15/9/2021,7034.100098,7047.299805,7016.5,7016.5,7016.5,772561700
16/9/2021,7016.5,7059,7016.299805,7027.5,7027.5,667606300
17/9/2021,7027.5,7092.700195,6941.700195,6963.600098,6963.600098,1627774500
20/9/2021,6963.600098,6963.600098,6828.299805,6903.899902,6903.899902,905908000
21/9/2021,6903.899902,7004.899902,6903.899902,6981,6981,811822000
22/9/2021,6981,7090.5,6981,7083.399902,7083.399902,623048700
23/9/2021,7083.399902,7131.399902,7070.700195,7078.399902,7078.399902,731206400
24/9/2021,7078.399902,7080.200195,7041.299805,7051.5,7051.5,836348200
27/9/2021,7051.5,7122.100098,7043.200195,7063.399902,7063.399902,900413700
28/9/2021,7063.399902,7071.399902,7015.600098,7028.100098,7028.100098,819400500
29/9/2021,7028.100098,7117.5,7026.899902,7108.200195,7108.200195,810850000
30/9/2021,7108.200195,7159.600098,7072.600098,7086.399902,7086.399902,868050200
1/10/2021,7086.399902,7086.399902,6989.600098,7027.100098,7027.100098,815417000
4/10/2021,7027.100098,7072.5,7002.700195,7011,7011,792854800
5/10/2021,7011,7084.5,7011,7077.100098,7077.100098,846145500
6/10/2021,7077.100098,7077.100098,6945.5,6995.899902,6995.899902,944014100
7/10/2021,6995.899902,7094.899902,6995.899902,7078,7078,709629100
8/10/2021,7078,7109.299805,7070.5,7095.600098,7095.600098,707356500
11/10/2021,7095.600098,7146.899902,7085.899902,7146.899902,7146.899902,709511700
12/10/2021,7146.899902,7146.899902,7063.399902,7130.200195,7130.200195,815613600
13/10/2021,7130.200195,7152.899902,7087.899902,7141.799805,7141.799805,1041234500
14/10/2021,7141.799805,7216.200195,7141.799805,7207.700195,7207.700195,785955800
15/10/2021,7207.700195,7243.899902,7206.299805,7234,7234,813605700
18/10/2021,7234,7234,7180.200195,7203.799805,7203.799805,580835500
19/10/2021,7203.799805,7223.299805,7189.5,7217.5,7217.5,677316100
20/10/2021,7217.5,7229.299805,7199.299805,7223.100098,7223.100098,655710900
21/10/2021,7223.100098,7227.100098,7181.700195,7190.299805,7190.299805,615511300
22/10/2021,7190.299805,7235.200195,7190.299805,7204.600098,7204.600098,482745100
25/10/2021,7204.600098,7247.5,7204.600098,7222.799805,7222.799805,590620500
26/10/2021,7222.799805,7281.200195,7222.799805,7277.600098,7277.600098,683335400
27/10/2021,7277.600098,7280.5,7247.299805,7253.299805,7253.299805,606503800
28/10/2021,7253.299805,7257.899902,7219.700195,7249.5,7249.5,677063000
29/10/2021,7249.5,7249.5,7192.100098,7237.600098,7237.600098,875049200
1/11/2021,7237.600098,7303.399902,7237.600098,7288.600098,7288.600098,644379600
2/11/2021,7288.600098,7288.600098,7240,7274.799805,7274.799805,788360700
3/11/2021,7274.799805,7277.600098,7235.299805,7248.899902,7248.899902,729024900
4/11/2021,7248.899902,7293,7247.600098,7279.899902,7279.899902,988387200
5/11/2021,7279.899902,7331.299805,7270,7304,7304,829628100
8/11/2021,7304,7316.5,7293.5,7300.399902,7300.399902,617444100
9/11/2021,7300.399902,7314.100098,7268.799805,7274,7274,780375900
10/11/2021,7274,7340.200195,7270.100098,7340.200195,7340.200195,908302100
11/11/2021,7340.200195,7394.399902,7329.700195,7384.200195,7384.200195,672658500
12/11/2021,7384.200195,7402.700195,7340.5,7347.899902,7347.899902,766415500
15/11/2021,7347.899902,7363.5,7324.100098,7351.899902,7351.899902,604752800
16/11/2021,7351.899902,7368.299805,7324.100098,7327,7327,849713500
17/11/2021,7327,7327,7290,7291.200195,7291.200195,980280900
18/11/2021,7291.200195,7291.299805,7242,7256,7256,590225200
19/11/2021,7256,7289.5,7198.799805,7223.600098,7223.600098,1174484200
22/11/2021,7223.600098,7272.600098,7207.799805,7255.5,7255.5,638191500
23/11/2021,7255.5,7293.100098,7204.399902,7266.700195,7266.700195,624614500
24/11/2021,7266.700195,7307.899902,7246,7286.299805,7286.299805,661514300
25/11/2021,7286.299805,7311.899902,7286.299805,7310.399902,7310.399902,487924100
26/11/2021,7310.399902,7310.399902,7042.100098,7044,7044,1714871800
29/11/2021,7044,7161.899902,7044,7110,7110,945061900
30/11/2021,7110,7110,6989.700195,7059.5,7059.5,1459578100
1/12/2021,7059.5,7182,7059.399902,7168.700195,7168.700195,779578300
2/12/2021,7168.700195,7168.700195,7083.200195,7129.200195,7129.200195,724509800
3/12/2021,7129.200195,7196.100098,7105.299805,7122.299805,7122.299805,867111100
6/12/2021,7122.299805,7246.299805,7122.299805,7232.299805,7232.299805,637274000
7/12/2021,7232.299805,7344.700195,7232.299805,7339.899902,7339.899902,783615400
8/12/2021,7339.899902,7378.899902,7333.600098,7337.399902,7337.399902,776663000
9/12/2021,7337.100098,7366.100098,7303,7321.299805,7321.299805,615185100
10/12/2021,7321.299805,7331.600098,7284.799805,7291.799805,7291.799805,533854300
13/12/2021,7291.799805,7309.200195,7226.600098,7231.399902,7231.399902,1173948800
14/12/2021,7231.399902,7284.5,7218.600098,7218.600098,7218.600098,662325900
15/12/2021,7218.600098,7224.899902,7166.799805,7170.799805,7170.799805,813609300
16/12/2021,7170.799805,7273.299805,7170.799805,7260.600098,7260.600098,1155236100
17/12/2021,7260.600098,7286.5,7236.200195,7269.899902,7269.899902,1477578800
20/12/2021,7269.899902,7269.899902,7101,7198,7198,925062200
21/12/2021,7198,7297.399902,7198,7297.399902,7297.399902,683669700
22/12/2021,7297.399902,7341.700195,7273.5,7341.700195,7341.700195,514772900
23/12/2021,7341.700195,7385.399902,7331.100098,7373.299805,7373.299805,422671500
24/12/2021,7373.299805,7403.700195,7368.799805,7372.100098,7372.100098,126005500
29/12/2021,7372.100098,7457.100098,7372.100098,7420.700195,7420.700195,445975700
30/12/2021,7420.700195,7433.399902,7403,7403,7403,266402700
31/12/2021,7403,7403,7357.100098,7384.5,7384.5,179343800
4/1/2022,7384.5,7520.799805,7384.5,7505.200195,7505.200195,934179500
5/1/2022,7505.200195,7530,7484.299805,7516.899902,7516.899902,707511200
6/1/2022,7516.899902,7516.899902,7420,7450.399902,7450.399902,843728700
7/1/2022,7450.399902,7485.299805,7431.899902,7485.299805,7485.299805,705191000
10/1/2022,7485.299805,7496.100098,7422.899902,7445.299805,7445.299805,1047171300
11/1/2022,7445.299805,7497.100098,7445.299805,7491.399902,7491.399902,727102400
12/1/2022,7491.399902,7564.200195,7491.399902,7551.700195,7551.700195,873805500
13/1/2022,7551.700195,7566.5,7530.100098,7563.899902,7563.899902,776326000
14/1/2022,7563.899902,7568.200195,7523,7543,7543,790074900
17/1/2022,7543,7616.100098,7543,7611.200195,7611.200195,812336800
18/1/2022,7611.200195,7613.100098,7532,7563.600098,7563.600098,953228000
19/1/2022,7563.600098,7614.899902,7525.200195,7589.700195,7589.700195,867104400
20/1/2022,7589.700195,7619,7549.899902,7585,7585,786613700
21/1/2022,7585,7585,7450.5,7494.100098,7494.100098,819199800
24/1/2022,7494.100098,7494.100098,7283.399902,7297.200195,7297.200195,1332106600
25/1/2022,7297.200195,7382.600098,7297.200195,7371.5,7371.5,851981700
26/1/2022,7371.5,7525.600098,7371.5,7469.799805,7469.799805,783181000
27/1/2022,7469.799805,7596.700195,7388.799805,7554.299805,7554.299805,1022547800
28/1/2022,7554.299805,7554.299805,7420.200195,7466.100098,7466.100098,1529106100
31/1/2022,7466.100098,7524,7450.899902,7464.399902,7464.399902,761419500
1/2/2022,7464.399902,7549.299805,7463,7535.799805,7535.799805,746456700
2/2/2022,7535.799805,7605.600098,7535.799805,7583,7583,719672400
3/2/2022,7583,7605.799805,7528.700195,7528.799805,7528.799805,911775100
4/2/2022,7528.799805,7599.700195,7497.200195,7516.399902,7516.399902,885041900
7/2/2022,7516.399902,7591.700195,7508.5,7573.5,7573.5,1073651000
8/2/2022,7573.5,7631.299805,7548.200195,7567.100098,7567.100098,804533800
9/2/2022,7567.100098,7657.899902,7567.100098,7643.399902,7643.399902,992005300
10/2/2022,7643.399902,7687.299805,7622.700195,7672.399902,7672.399902,831756900
11/2/2022,7672.399902,7672.399902,7596.100098,7661,7661,909140800
14/2/2022,7661,7661,7483.399902,7531.600098,7531.600098,925229500
15/2/2022,7531.600098,7608.899902,7513.200195,7608.899902,7608.899902,808114200
16/2/2022,7608.899902,7630.700195,7560.899902,7603.799805,7603.799805,1128096000
17/2/2022,7603.799805,7607.200195,7499.899902,7537.399902,7537.399902,776929900
18/2/2022,7537.399902,7570.600098,7508.700195,7513.600098,7513.600098,768986400
21/2/2022,7513.600098,7571.100098,7446.399902,7484.299805,7484.299805,622636900
22/2/2022,7484.299805,7531.299805,7365,7494.200195,7494.200195,1018787100
23/2/2022,7494.200195,7550,7490.5,7498.200195,7498.200195,862648700
24/2/2022,7498.200195,7498.200195,7204.700195,7207,7207,1966584700
25/2/2022,7207.399902,7497.899902,7207.399902,7489.5,7489.5,1381725400
28/2/2022,7489.5,7489.5,7361.600098,7458.299805,7458.299805,1584580200
1/3/2022,7458.299805,7499.299805,7327.799805,7330.200195,7330.200195,1349616800
2/3/2022,7330.200195,7462.200195,7320.799805,7429.600098,7429.600098,1325548600
3/3/2022,7429.600098,7468.799805,7231.5,7238.899902,7238.899902,1226956300
4/3/2022,7238.899902,7238.899902,6980.899902,6987.100098,6987.100098,1560387400
7/3/2022,6987.100098,7030.700195,6788,6959.5,6959.5,2177431900
8/3/2022,6959.5,7013.5,6893.600098,6964.100098,6964.100098,1443985900
9/3/2022,6964.100098,7190.700195,6964.100098,7190.700195,7190.700195,1239463500
10/3/2022,7190.700195,7192.799805,7066,7099.100098,7099.100098,1139094000
11/3/2022,7099.100098,7260.399902,7099,7155.600098,7155.600098,973207200
14/3/2022,7155.600098,7222.899902,7144,7193.5,7193.5,916048600
15/3/2022,7193.5,7193.5,7075.799805,7175.700195,7175.700195,870528100
16/3/2022,7175.700195,7312.200195,7175.700195,7291.700195,7291.700195,1914129400
17/3/2022,7291.700195,7385.299805,7260.5,7385.299805,7385.299805,1095585500
18/3/2022,7385.299805,7406.100098,7318.899902,7404.700195,7404.700195,2316358900
21/3/2022,7404.700195,7465,7402.600098,7442.399902,7442.399902,811977600
22/3/2022,7442.399902,7490.5,7442.399902,7476.700195,7476.700195,1017354500
23/3/2022,7476.700195,7521.100098,7459.399902,7460.600098,7460.600098,859391300
24/3/2022,7460.600098,7492,7453.299805,7467.399902,7467.399902,737167300
25/3/2022,7467.399902,7502.700195,7441.299805,7483.399902,7483.399902,870705400
28/3/2022,7483.399902,7539.299805,7471.5,7473.100098,7473.100098,775526800
29/3/2022,7473.100098,7584.100098,7473.100098,7537.299805,7537.299805,1172893900
30/3/2022,7537.299805,7578.799805,7523.799805,7578.799805,7578.799805,1036020900
31/3/2022,7578.799805,7595.399902,7515.700195,7515.700195,7515.700195,925410900
1/4/2022,7515.700195,7552.5,7508.899902,7537.899902,7537.899902,811395500
4/4/2022,7537.899902,7574.299805,7532.200195,7558.899902,7558.899902,837403600
5/4/2022,7558.899902,7613.700195,7536.200195,7613.700195,7613.700195,1212100600
6/4/2022,7613.700195,7614.100098,7536.200195,7587.700195,7587.700195,1102885900
7/4/2022,7587.700195,7601.5,7537.299805,7551.799805,7551.799805,1153908000
8/4/2022,7551.799805,7669.600098,7551.799805,7669.600098,7669.600098,919254100
11/4/2022,7669.600098,7669.600098,7611.700195,7618.299805,7618.299805,835767000
12/4/2022,7618.299805,7618.299805,7543,7576.700195,7576.700195,772543400
13/4/2022,7576.700195,7597.899902,7550.899902,7580.799805,7580.799805,742706800
14/4/2022,7580.799805,7622.399902,7551.399902,7616.399902,7616.399902,1005764400
19/4/2022,7616.399902,7624.899902,7565.799805,7601.299805,7601.299805,846777100
20/4/2022,7601.299805,7637.899902,7590.600098,7629.200195,7629.200195,1212543400
21/4/2022,7629.200195,7656.5,7596.299805,7628,7628,764750300
22/4/2022,7628,7628,7521.700195,7521.700195,7521.700195,694792900
25/4/2022,7521.700195,7521.700195,7339.5,7380.5,7380.5,755160100
26/4/2022,7380.5,7463.200195,7380.5,7386.200195,7386.200195,847986700
27/4/2022,7386.200195,7458.200195,7344.899902,7425.600098,7425.600098,958503900
28/4/2022,7425.600098,7519.700195,7425.600098,7509.200195,7509.200195,917004000
29/4/2022,7509.200195,7569.799805,7509.200195,7544.600098,7544.600098,983441700
3/5/2022,7544.600098,7561.299805,7475.700195,7561.299805,7561.299805,1342876200
4/5/2022,7561.299805,7572.700195,7493.5,7493.5,7493.5,699267900
5/5/2022,7493.5,7619.399902,7493.5,7503.299805,7503.299805,931632400
6/5/2022,7503.299805,7503.299805,7354.100098,7387.899902,7387.899902,1089227300
9/5/2022,7387.899902,7391.600098,7216.600098,7216.600098,7216.600098,803955700
10/5/2022,7216.600098,7311.700195,7216.600098,7243.200195,7243.200195,919988500
11/5/2022,7243.200195,7349.700195,7239,7347.700195,7347.700195,1206944700
12/5/2022,7347.700195,7347.700195,7158.5,7233.299805,7233.299805,966343100
13/5/2022,7233.299805,7422,7233.299805,7418.200195,7418.200195,871946000
16/5/2022,7418.200195,7464.799805,7361.700195,7464.799805,7464.799805,814978400
17/5/2022,7464.799805,7538.700195,7464.799805,7518.399902,7518.399902,821412200
18/5/2022,7518.399902,7526.100098,7438.100098,7438.100098,7438.100098,830397600
19/5/2022,7438.100098,7438.100098,7228.700195,7302.700195,7302.700195,1037438100
20/5/2022,7302.700195,7453.5,7302.700195,7390,7390,790841400
23/5/2022,7390,7513.399902,7390,7513.399902,7513.399902,819767300
24/5/2022,7513.399902,7529.700195,7434.5,7484.399902,7484.399902,1113802600
25/5/2022,7484.399902,7546.399902,7484.399902,7522.799805,7522.799805,898078000
26/5/2022,7522.799805,7575.5,7512.5,7564.899902,7564.899902,709669900
27/5/2022,7564.899902,7597.600098,7542.799805,7585.5,7585.5,713185000
30/5/2022,7585.5,7625.600098,7576.399902,7600.100098,7600.100098,1009169800
31/5/2022,7600.100098,7648.299805,7591.799805,7607.700195,7607.700195,1620576000
1/6/2022,7607.700195,7639.200195,7529.200195,7533,7533,734829800
6/6/2022,7533,7646.700195,7532.799805,7608.200195,7608.200195,696171700
7/6/2022,7608.200195,7617.5,7570.700195,7598.899902,7598.899902,750124500
8/6/2022,7598.899902,7616.200195,7550.700195,7593,7593,776478300
9/6/2022,7593,7593,7472.299805,7476.200195,7476.200195,771939100
10/6/2022,7476.200195,7476.200195,7294.200195,7317.5,7317.5,911375600
13/6/2022,7317.5,7317.5,7174,7205.799805,7205.799805,980090400
14/6/2022,7205.799805,7271.899902,7135.200195,7187.5,7187.5,864847700
15/6/2022,7187.5,7313.700195,7186.5,7273.399902,7273.399902,1089092800
16/6/2022,7273.399902,7273.399902,7039.5,7045,7045,1162889200
17/6/2022,7045,7130.600098,6998.200195,7016.299805,7016.299805,1908921300
20/6/2022,7016.299805,7129.600098,7016.200195,7121.799805,7121.799805,666757200
21/6/2022,7121.799805,7193.899902,7119.299805,7152.100098,7152.100098,580244500
22/6/2022,7152.100098,7152.100098,7030,7089.200195,7089.200195,1204359700
23/6/2022,7089.200195,7115.799805,7014.200195,7020.5,7020.5,763870700
24/6/2022,7020.5,7211.100098,7016,7208.799805,7208.799805,772223900
27/6/2022,7208.799805,7284.5,7208.5,7258.299805,7258.299805,802411400
28/6/2022,7258.299805,7362.399902,7258.299805,7323.399902,7323.399902,735789800
29/6/2022,7323.399902,7345.5,7263.5,7312.299805,7312.299805,718640800
30/6/2022,7312.299805,7312.299805,7110.700195,7169.299805,7169.299805,903650800
1/7/2022,7169.299805,7214.799805,7101.399902,7168.700195,7168.700195,677216200
4/7/2022,7168.700195,7258.5,7168.700195,7232.700195,7232.700195,420674600
5/7/2022,7232.700195,7260.299805,7016.799805,7025.5,7025.5,1105144500
6/7/2022,7025.5,7198.700195,7025.399902,7107.799805,7107.799805,933905000
7/7/2022,7107.799805,7213.100098,7107.799805,7189.100098,7189.100098,1108987400
8/7/2022,7189.100098,7210.600098,7129.200195,7196.200195,7196.200195,604222100
11/7/2022,7196.200195,7204.100098,7097.399902,7196.600098,7196.600098,676893400
12/7/2022,7196.600098,7216.899902,7143.299805,7209.899902,7209.899902,855143900
13/7/2022,7209.899902,7209.899902,7104.100098,7156.399902,7156.399902,805881600
14/7/2022,7156.399902,7157.600098,7007.100098,7039.799805,7039.799805,848278400
15/7/2022,7039.799805,7167.899902,7038.200195,7159,7159,782905500
18/7/2022,7159,7268.899902,7159,7223.200195,7223.200195,670662200
19/7/2022,7223.200195,7309,7174.399902,7296.299805,7296.299805,665883200
20/7/2022,7296.299805,7347.600098,7253.600098,7264.299805,7264.299805,1059158500
21/7/2022,7264.299805,7274.700195,7200.100098,7270.5,7270.5,798169600
22/7/2022,7270.5,7315.299805,7254,7276.399902,7276.399902,606877600
25/7/2022,7276.399902,7309.700195,7242.899902,7306.299805,7306.299805,711402100
26/7/2022,7306.299805,7365.399902,7301.200195,7306.299805,7306.299805,730984300
27/7/2022,7306.299805,7365.200195,7306.299805,7348.200195,7348.200195,1188866700
28/7/2022,7348.200195,7396.200195,7309,7345.299805,7345.299805,745838600
29/7/2022,7345.299805,7441.200195,7345.299805,7423.399902,7423.399902,883363000
1/8/2022,7446,7471.899902,7408.899902,7413.399902,7413.399902,558506400
2/8/2022,7413.399902,7433.299805,7386.799805,7409.100098,7409.100098,623919300
3/8/2022,7409.100098,7445.899902,7372.700195,7445.700195,7445.700195,947917500
4/8/2022,7445.700195,7491.700195,7417.5,7448.100098,7448.100098,858684300
5/8/2022,7448.100098,7470.600098,7420.200195,7439.700195,7439.700195,609722300
8/8/2022,7439.700195,7513.799805,7439.700195,7482.399902,7482.399902,626255900
9/8/2022,7482.399902,7504.600098,7475,7488.200195,7488.200195,648601100
10/8/2022,7488.200195,7520.700195,7468.600098,7507.100098,7507.100098,766193200
11/8/2022,7507.100098,7515,7460.100098,7465.899902,7465.899902,630220500
12/8/2022,7465.899902,7516.799805,7464.100098,7500.899902,7500.899902,497719500
15/8/2022,7500.899902,7539.200195,7463.5,7509.200195,7509.200195,460509300
16/8/2022,7509.200195,7563.700195,7509.200195,7536.100098,7536.100098,514362800
17/8/2022,7536.100098,7554,7501.5,7515.799805,7515.799805,505660900
18/8/2022,7515.799805,7541.899902,7493.700195,7541.899902,7541.899902,606626300
19/8/2022,7541.899902,7578.899902,7513.299805,7550.399902,7550.399902,726312000
22/8/2022,7550.399902,7550.399902,7491.299805,7533.799805,7533.799805,575411700
23/8/2022,7533.799805,7533.799805,7467.600098,7488.100098,7488.100098,673045500
24/8/2022,7488.100098,7488.100098,7410.399902,7471.5,7471.5,579010600
25/8/2022,7471.5,7535.700195,7469.200195,7479.700195,7479.700195,438562000
26/8/2022,7479.700195,7530.700195,7422,7427.299805,7427.299805,627296800
30/8/2022,7427.299805,7486.399902,7351.100098,7361.600098,7361.600098,1120430700
31/8/2022,7361.600098,7378.399902,7263.600098,7284.200195,7284.200195,1154010300
1/9/2022,7284.200195,7284.200195,7131.700195,7148.5,7148.5,746248100
2/9/2022,7148.5,7288.700195,7148.5,7281.200195,7281.200195,820948300
5/9/2022,7281.200195,7288.5,7191.200195,7287.399902,7287.399902,670793100
6/9/2022,7287.399902,7324.200195,7256.5,7300.399902,7300.399902,836364000
7/9/2022,7300.399902,7300.399902,7186.600098,7237.799805,7237.799805,1176357500
8/9/2022,7237.799805,7273,7175.799805,7262.100098,7262.100098,676276000
9/9/2022,7262.100098,7386.600098,7262.100098,7351.100098,7351.100098,703941600
12/9/2022,7351.100098,7483,7351.100098,7473,7473,903301500
13/9/2022,7473,7514,7385.899902,7385.899902,7385.899902,712367700
14/9/2022,7385.899902,7385.899902,7259.200195,7277.299805,7277.299805,1021172400
15/9/2022,7277.299805,7329,7258.700195,7282.100098,7282.100098,843763100
16/9/2022,7282.100098,7297.100098,7236.200195,7236.700195,7236.700195,2140678300
20/9/2022,7236.700195,7326.5,7171.200195,7192.700195,7192.700195,1046871600
21/9/2022,7192.700195,7258.899902,7170.700195,7237.600098,7237.600098,1446128700
22/9/2022,7237.600098,7243.899902,7149.600098,7159.5,7159.5,906687400
23/9/2022,7159.5,7169.100098,6981.5,7018.600098,7018.600098,982104000
26/9/2022,7018.600098,7071.100098,6937.399902,7021,7021,1161459400
27/9/2022,7021,7074,6984.600098,6984.600098,6984.600098,1223459100
28/9/2022,6984.600098,7011.5,6836.299805,7005.399902,7005.399902,1525149400
29/9/2022,7005.399902,7005.399902,6829.299805,6881.600098,6881.600098,1165954500
30/9/2022,6881.600098,6954.899902,6840.100098,6893.799805,6893.799805,1171310300
3/10/2022,6893.799805,6923.799805,6797.399902,6908.799805,6908.799805,1216065800
4/10/2022,6908.799805,7088.200195,6908.700195,7086.5,7086.5,1121827800
5/10/2022,7086.5,7086.5,6978,7052.600098,7052.600098,868625500
6/10/2022,7052.600098,7079.700195,6961.100098,6997.299805,6997.299805,995714800
7/10/2022,6997.299805,7022.399902,6960.399902,6991.100098,6991.100098,807923600
10/10/2022,6991.100098,6999.200195,6922.899902,6959.299805,6959.299805,918512600
11/10/2022,6959.299805,6959.399902,6860.299805,6885.200195,6885.200195,813949300
12/10/2022,6885.200195,6916.899902,6793.799805,6826.200195,6826.200195,973810400
13/10/2022,6826.200195,6872.899902,6707.600098,6850.299805,6850.299805,1116625200
14/10/2022,6850.299805,6976.299805,6850.299805,6858.799805,6858.799805,881210300
17/10/2022,6858.799805,6959.700195,6850.399902,6920.200195,6920.200195,951222700
18/10/2022,6920.200195,7017.399902,6920.200195,6936.700195,6936.700195,932599200
19/10/2022,6936.700195,6968.299805,6890.700195,6925,6925,699543100
20/10/2022,6925,6954.200195,6894.899902,6943.899902,6943.899902,814484300
21/10/2022,6943.899902,6976.200195,6864.100098,6969.700195,6969.700195,668448000
24/10/2022,6969.700195,7047.399902,6914.700195,7014,7014,620033900
25/10/2022,7014,7025.200195,6949.200195,7013.5,7013.5,621328900
26/10/2022,7013.5,7057.399902,6960.100098,7056.100098,7056.100098,1054624200
27/10/2022,7056.100098,7093.100098,7034.200195,7073.700195,7073.700195,920365100
28/10/2022,7073.700195,7073.700195,6997.5,7047.700195,7047.700195,683640200
31/10/2022,7047.700195,7132.899902,7030.100098,7094.5,7094.5,881761300
1/11/2022,7094.5,7221.299805,7094.5,7186.200195,7186.200195,879817800
2/11/2022,7186.200195,7205.100098,7130.5,7144.100098,7144.100098,688038000
3/11/2022,7144.100098,7188.600098,7076.5,7188.600098,7188.600098,721711200
4/11/2022,7188.600098,7376.200195,7188.600098,7334.799805,7334.799805,960620800
7/11/2022,7334.799805,7346.700195,7288,7300,7300,718412900
8/11/2022,7300,7313.5,7244.799805,7306.100098,7306.100098,959888700
9/11/2022,7306.100098,7307.799805,7263.5,7296.299805,7296.299805,529922700
10/11/2022,7296.299805,7405.100098,7253.399902,7375.299805,7375.299805,769446200
11/11/2022,7375.299805,7408.600098,7316.799805,7318,7318,931267700
14/11/2022,7318,7413.799805,7317.600098,7385.200195,7385.200195,732981800
15/11/2022,7385.200195,7413,7344.899902,7369.399902,7369.399902,939772400
16/11/2022,7369.399902,7394.399902,7341.600098,7351.200195,7351.200195,765409500
17/11/2022,7351.200195,7354.100098,7294.799805,7346.5,7346.5,752043800
18/11/2022,7346.5,7423.5,7343.5,7385.5,7385.5,844911100
21/11/2022,7385.5,7402.799805,7343.399902,7376.899902,7376.899902,666262800
22/11/2022,7376.899902,7458.899902,7373.600098,7452.799805,7452.799805,575525600
23/11/2022,7452.799805,7498.299805,7452.799805,7465.200195,7465.200195,872545100
24/11/2022,7465.200195,7488.100098,7443.5,7466.600098,7466.600098,418286100
25/11/2022,7466.600098,7497.200195,7461.799805,7486.700195,7486.700195,522719700
28/11/2022,7486.700195,7496.799805,7420,7474,7474,662622600
29/11/2022,7474,7543.100098,7474,7512,7512,714685200
30/11/2022,7512,7599.299805,7512,7573.100098,7573.100098,1394738300
1/12/2022,7573.100098,7599.700195,7552.299805,7558.5,7558.5,642843000
2/12/2022,7558.5,7570.5,7508,7556.200195,7556.200195,540219900
5/12/2022,7556.200195,7598.200195,7547.799805,7567.5,7567.5,509145400
6/12/2022,7567.5,7567.600098,7521.399902,7521.399902,7521.399902,805368600
7/12/2022,7521.399902,7567.200195,7489.200195,7489.200195,7489.200195,727846100
8/12/2022,7489.200195,7508,7469.100098,7472.200195,7472.200195,637244700
9/12/2022,7472.200195,7498,7431.399902,7476.600098,7476.600098,741398100
12/12/2022,7476.600098,7476.600098,7438.899902,7446,7446,606464000
13/12/2022,7446,7553.399902,7429,7502.899902,7502.899902,688121300
14/12/2022,7502.899902,7504.5,7461.700195,7495.899902,7495.899902,745004400
15/12/2022,7495.899902,7495.899902,7411.100098,7426.200195,7426.200195,616549200
16/12/2022,7426.200195,7429.299805,7305.700195,7332.100098,7332.100098,1834745500
19/12/2022,7332.100098,7385.399902,7332.100098,7361.299805,7361.299805,517840400
20/12/2022,7361.299805,7389.899902,7302.799805,7370.600098,7370.600098,799491300
21/12/2022,7370.600098,7498.5,7368.700195,7497.299805,7497.299805,499178500
22/12/2022,7497.299805,7540.299805,7463.5,7469.299805,7469.299805,402305900
23/12/2022,7469.299805,7496.399902,7462.799805,7473,7473,222853700
28/12/2022,7473,7547,7473,7497.200195,7497.200195,416900400
29/12/2022,7497.200195,7516.399902,7434.600098,7512.700195,7512.700195,351759900
30/12/2022,7512.700195,7512.899902,7451.700195,7451.700195,7451.700195,254135300
